name,external_id
3D printing service,three_d_printing_service
ATM,atm
ATV dealer,atv_dealer
ATV rental service,atv_rental_service
ATV repair shop,atv_repair_shop
Aadhar center,aadhar_center
Abarth dealer,abarth_dealer
Abbey,abbey
Aboriginal and Torres Strait Islander organisation,aboriginal_and_torres_strait_islander_organisation
Aboriginal art gallery,aboriginal_art_gallery
Abortion clinic,abortion_clinic
Abrasives supplier,abrasives_supplier
Abundant Life church,abundant_life_church
Academic department,university_department
Acaraje restaurant,acaraje_restaurant
Accountant,accountant
Accounting firm,accounting_firm
Accounting school,accounting_school
Accounting software company,accounting_software_company
Acoustical consultant,acoustical_consultant
Acrobatic diving pool,acrobatic_diving_pool
Acrylic store,acrylic_store
Acupuncture clinic,acupuncture_clinic
Acupuncture school,acupuncture_school
Acupuncturist,acupuncturist
Acura dealer,acura_dealer
Adaptive sports center,disabled_sports_center
Addiction treatment center,addiction_treatment_center
Administrative attorney,administrative_attorney
Adoption agency,adoption_agency
Adult DVD store,adult_dvd_store
Adult day care center,adult_day_care_center
Adult education school,adult_education_school
Adult entertainment club,adult_entertainment_club
Adult entertainment store,adult_entertainment_store
Adult foster care service,adult_foster_care_service
Adventure sports,adventure_sports
Adventure sports center,adventure_sports_center
Advertising agency,advertising_agency
Aerated drinks supplier,aerated_drinks_supplier
Aerial photographer,aerial_photographer
Aerial sports center,aerial_sports_center
Aero dance class,aero_dance_class
Aerobics instructor,aerobics_instructor
Aeroclub,aeroclub
Aeromodel shop,aeromodel_shop
Aeronautical engineer,aeronautical_engineer
Aerospace company,aerospace_company
Afghan restaurant,afghani_restaurant
African goods store,african_goods_store
African restaurant,african_restaurant
After school program,after_school_program
Aged care,senior_citizens_care_service
Agenzia Entrate,agenzia_entrate
Aggregate supplier,aggregate_supplier
Agistment service,agistment_service
Agricultural association,agricultural_association
Agricultural cooperative,agricultural_cooperative
Agricultural engineer,agricultural_engineer
Agricultural high school,agricultural_high_school
Agricultural machinery manufacturer,agricultural_machinery_manufacturer
Agricultural organization,agricultural_organization
Agricultural product wholesaler,agricultural_product_wholesaler
Agricultural production,agricultural_production
Agricultural service,agricultural_service
Agrochemicals supplier,agrochemicals_supplier
Aikido club,aikido_club
Aikido school,aikido_school
Air compressor repair service,air_compressor_repair_service
Air compressor supplier,air_compressor_supplier
Air conditioning contractor,air_conditioning_contractor
Air conditioning repair service,air_conditioning_repair_service
Air conditioning store,air_conditioning_store
Air conditioning system supplier,air_conditioning_system_supplier
Air duct cleaning service,air_duct_cleaning_service
Air filter supplier,air_filter_supplier
Air force base,air_force_base
Air taxi,air_taxi
Airbrushing service,airbrushing_service
Airbrushing supply store,airbrushing_supply_store
Aircraft dealer,aircraft_dealer
Aircraft maintenance company,aircraft_maintenance_company
Aircraft manufacturer,aircraft_manufacturer
Aircraft rental service,aircraft_rental_service
Aircraft supply store,aircraft_supply_store
Airline,airline
Airline ticket agency,airline_ticket_agency
Airplane,airplane_exhibit
Airport,airport
Airport shuttle service,airport_shuttle_service
Airsoft supply store,airsoft_gun_shop
Airstrip,airstrip
Alcohol manufacturer,alcohol_manufacturer
Alcohol retail monopoly,alcohol_retail_monopoly
Alcoholic beverage wholesaler,alcoholic_beverage_wholesaler
Alcoholism treatment program,alcoholism_treatment_program
Alfa Romeo dealer,alfa_romeo_dealer
Allergist,allergist
Alliance church,alliance_church
Alsace restaurant,alsace_restaurant
Alternative fuel station,alternative_fuel_station
Alternative medicine practitioner,alternative_medicine_practitioner
Alternator supplier,alternator_supplier
Aluminum frames supplier,aluminum_frames_supplier
Aluminum supplier,aluminium_supplier
Aluminum welder,aluminum_welder
Aluminum window,aluminum_window
Amateur theater,amateur_theatre
Ambulance service,ambulance_service
American football field,football_field
American grocery store,american_grocery_store
American restaurant,american_restaurant
Amish furniture store,amish_furniture_store
Ammunition supplier,ammunition_supplier
Amphitheater,amphitheatre
Amusement center,amusement_center
Amusement machine supplier,amusement_machine_supplier
Amusement park,amusement_park
Amusement park ride,amusement_park_ride
Amusement ride supplier,amusement_ride_supplier
Anago restaurant,anago_restaurant
Andalusian restaurant,andalusian_restaurant
Andhra restaurant,andhra_restaurant
Anesthesiologist,anesthesiologist
Anganwadi center,anganwadi_center
Angler fish restaurant,angler_fish_restaurant
Anglican church,anglican_church
Anhui restaurant,an_hui_restaurant
Animal control service,animal_control_service
Animal feed store,feed_store
Animal hospital,animal_hospital
Animal park,animal_park
Animal protection organization,animal_protection_organization
Animal rescue service,animal_rescue_service
Animal shelter,animal_shelter
Animal watering hole,animal_watering_hole
Animation studio,animation_studio
Anime club,anime_club
Anodizing service,anodizer
Antenna service,aerial_installation_service
Antique furniture restoration service,antique_furniture_restoration_service
Antique furniture store,antique_furniture_store
Antique store,antique_store
Apartment building,apartment_building
Apartment complex,apartment_complex
Apartment rental agency,apartment_rental_agency
Apostolic church,apostolic_church
Appliance parts supplier,appliance_parts_supplier
Appliance rental service,appliance_rental_service
Appliance repair service,appliance_repair_service
Appliance store,appliance_store
Appliances customer service,appliances_customer_service
Appraiser,appraiser
Apprenticeship center,apprenticeship_center
Aquaculture farm,aquaculture_farm
Aquarium,aquarium
Aquarium shop,aquarium_shop
Aquatic centre,aquatic_center
Arab restaurant,arab_restaurant
Arboretum,arboretum
Arborist and tree surgeon,arborist_and_tree_surgeon
Archaeological museum,archaeological_museum
Archery club,archery_club
Archery range,archery_range
Archery store,archery_store
Architect,architect
Architects association,architects_association
Architectural and engineering model maker,architectural_and_engineering_model_maker
Architectural designer,architectural_designer
Architectural salvage store,architectural_salvage_store
Architecture firm,architecture_firm
Architecture school,architecture_school
Archive,archive
Arena,arena
Argentinian restaurant,argentinian_restaurant
Armed forces association,armed_forces_association
Armenian church,armenian_church
Armenian restaurant,armenian_restaurant
Army & navy surplus shop,army_and_navy_store
Army barracks,army_base
Army facility,army_facility
Army museum,army_museum
Aromatherapy class,aromatherapy_class
Aromatherapy service,aromatherapy_service
Aromatherapy supply store,aromatherapy_supply_store
Art cafe,art_cafe
Art center,art_center
Art dealer,art_dealer
Art gallery,art_gallery
Art museum,art_museum
Art restoration service,art_restoration_service
Art school,art_school
Art studio,art_studio
Art supply store,art_supply_store
Artificial plant supplier,artificial_plant_supplier
Artist,artist
Arts organization,arts_organization
Asbestos testing service,asbestos_testing_service
Ashram,ashram
Asian fusion restaurant,asian_fusion_restaurant
Asian grocery store,asian_grocery_store
Asian household goods store,asian_household_goods_store
Asian restaurant,asian_restaurant
Asphalt contractor,asphalt_contractor
Asphalt mixing plant,asphalt_mixing_plant
Assamese restaurant,assamese_restaurant
Assemblies of God church,assemblies_of_god_church
Assistante maternelle,assistante_maternelle
Assisted living facility,assisted_living_facility
Association or organization,association_or_organization
Aston Martin dealer,aston_martin_dealer
Astrologer,astrologer
Asturian restaurant,asturian_restaurant
Athletic club,athletic_club
Athletic field,athletic_field
Athletic park,athletic_park
Athletic track,athletic_track
Attorney referral service,attorney_referral_service
Auction house,auction_house
Audi dealer,audi_dealer
Audio visual consultant,audio_visual_consultant
Audio visual equipment repair service,audio_visual_equipment_repair_service
Audio visual equipment supplier,audio_visual_equipment_supplier
Audiologist,audiologist
Audiovisual equipment rental service,audio_visual_equipment_rental_service
Auditor,auditor
Auditorium,auditorium
Australian goods store,australian_goods_store
Australian restaurant,australian_restaurant
Austrian restaurant,austrian_restaurant
Authentic Japanese restaurant,japanese_authentic_restaurant
Auto accessories wholesaler,auto_accessories_wholesaler
Auto air conditioning service,auto_air_conditioning_service
Auto auction,auto_auction
Auto body parts supplier,auto_body_parts_supplier
Auto body shop,auto_body_shop
Auto bodywork mechanic,auto_bodywork_mechanic
Auto broker,auto_broker
Auto chemistry shop,auto_chemistry_shop
Auto dent removal service,auto_dent_removal_service
Auto electrical service,auto_electrical_service
Auto glass repair service,auto_glass_repair_service
Auto glass shop,auto_glass_shop
Auto insurance agency,auto_insurance_agency
Auto machine shop,auto_machine_shop
Auto market,auto_market
Auto painting,auto_painting
Auto parts manufacturer,auto_parts_manufacturer
Auto parts market,auto_parts_market
Auto parts store,auto_parts_store
Auto radiator repair service,auto_radiator_repair_service
Auto repair shop,auto_repair_shop
Auto restoration service,auto_restoration_service
Auto rickshaw stand,auto_rickshaw_stand
Auto spring shop,auto_spring_shop
Auto sunroof shop,auto_sunroof_shop
Auto tag agency,auto_tag_agency
Auto tune up service,auto_tune_up_service
Auto upholsterer,auto_upholsterer
Auto window tinting service,auto_window_tinting_service
Auto wrecker,auto_wrecker
Automation company,automation_company
Automobile storage facility,automobile_storage_facility
Aviation consultant,aviation_consultant
Aviation training institute,aviation_training_institute
Awadhi restaurant,awadhi_restaurant
Awning supplier,awning_supplier
Ayam penyet restaurant,ayam_penyet_restaurant
Ayurvedic clinic,ayurvedic_clinic
Azerbaijani Restaurant,azerbaijani_restaurant
Açaí shop,acai_shop
BBQ area,bbq_area
BMW dealer,bmw_dealer
BMW motorcycle dealer,bmw_motorcycle_dealer
BMX club,bmx_club
BMX park,bmx_park
BMX track,bmx_track
BPO company,bpo_company
BPO placement agency,bpo_placement_agency
Baby clothing store,baby_clothing_store
Baby store,baby_store
Baby swimming school,baby_swimming_school
Baden restaurant,baden_restaurant
Badminton club,badminton_club
Badminton complex,badminton_complex
Badminton court,badminton_court
Bag shop,bag_shop
Bagel shop,bagel_shop
Bahá'í house of worship,bahai_house_of_worship
Bail bonds service,bail_bonds_service
Bait shop,bait_shop
Bakery,bakery
Bakery equipment,bakery_equipment
Baking supply store,baking_supply_store
Bakso restaurant,bakso_restaurant
Balinese restaurant,balinese_restaurant
Ballet school,ballet_school
Ballet theater,ballet_theater
Balloon artist,balloon_artist
Balloon ride tour agency,balloon_ride_tour_agency
Balloon store,balloon_store
Ballroom dance instructor,ballroom_dance_instructor
Band,band
Bangladeshi restaurant,bangladeshi_restaurant
Bangle Shop,bangle_shop
Bank,bank
Bankruptcy attorney,bankruptcy_attorney
Bankruptcy service,bankruptcy_service
Banner store,banner_store
Banquet hall,banquet_hall
Baptist church,baptist_church
Bar,bar
Bar & grill,bar_and_grill
Bar PMU,bar_pmu
Bar restaurant furniture store,bar_restaurant_furniture_store
Bar stool supplier,bar_stool_supplier
Bar tabac,bar_tabac
Barbecue area,barbecue_spots
Barbecue restaurant,barbecue_restaurant
Barber school,barber_school
Barber shop,barber_shop
Barber supply store,barber_supply_store
Bariatric surgeon,bariatric_surgeon
Bark supplier,bark_supplier
Barrel supplier,barrel_supplier
Barrister,barrister
Bartending school,bartending_school
Baseball club,baseball_club
Baseball field,baseball_field
Baseball goods store,baseball_goods_store
Basilica,basilica
Basket supplier,basket_supplier
Basketball club,basketball_club
Basketball court,basketball_court
Basketball court contractor,basketball_court_contractor
Basque restaurant,basque_restaurant
Batak restaurant,batak_restaurant
Bathroom remodeler,bathroom_remodeler
Bathroom supply store,bathroom_supply_store
Batik clothing store,batik_clothing_store
Battery manufacturer,battery_manufacturer
Battery store,battery_store
Battery wholesaler,battery_wholesaler
Batting cage center,batting_cage_center
Bavarian restaurant,bavarian_restaurant
Bazar,bazar
Beach cleaning service,beach_cleaning_service
Beach clothing store,beach_clothing_store
Beach club,beach_club
Beach entertainment shop,beach_entertainment_shop
Beach pavillion,beach_pavillion
Beach volleyball club,beach_volleyball_club
Beach volleyball court,beach_volleyball_court
Bead store,bead_store
Bead wholesaler,bead_wholesaler
Bearing supplier,bearing_supplier
Beautician,beautician
Beauty product supplier,beauty_product_supplier
Beauty products vending machine,beauty_products_vending_machine
Beauty products wholesaler,beauty_products_wholesaler
Beauty salon,beauty_salon
Beauty school,beauty_school
Beauty supply store,beauty_supply_store
Bed & breakfast,bed_and_breakfast
Bed shop,bed_shop
Bedding store,bedding_store
Bedroom furniture store,bedroom_furniture_store
Bee relocation service,bee_relocation_service
Beer distributor,beer_distributor
Beer garden,beer_garden
Beer hall,beer_hall
Beer store,beer_store
Belgian restaurant,belgian_restaurant
Belt shop,belt_shop
Bengali restaurant,bengali_restaurant
Bentley dealer,bentley_dealer
Berry restaurant,berry_restaurant
Berufsfachschule (vocational school with apprenticeship),berufsfachschule
Betawi restaurant,betawi_restaurant
Betting agency,betting_agency
Beverage distributor,beverage_distributor
Bicycle club,bicycle_club
Bicycle rack,bicycle_rack
Bicycle rental service,bicycle_rental_service
Bicycle repair shop,bicycle_repair_shop
Bicycle store,bicycle_store
Bicycle wholesaler,bicycle_wholesale
Bike wash,bike_wash
Bikram yoga studio,bikram_yoga_studio
Bilingual school,bilingual_school
Billiards supply store,billiards_supply_store
Bingo hall,bingo_hall
Biochemical supplier,biochemical_supplier
Biochemistry lab,biochemistry_lab
Biofeedback therapist,biofeedback_therapist
Biotechnology company,biotechnology_company
Biotechnology engineer,biotechnology_engineer
Bird control service,bird_control_service
Bird shop,bird_shop
Bird watching area,bird_watching_area
Birth center,birth_center
Birth certificate service,birth_certificate_service
Birth control center,birth_control_center
Biryani restaurant,biryani_restaurant
Bistro,bistro
Blacksmith,blacksmith
Blast cleaning service,blast_cleaning_service
Blinds shop,blinds_shop
Blood bank,blood_bank
Blood donation center,blood_donation_center
Blood testing service,blood_testing_service
Blueprint service,blueprint_service
Blues club,blues_club
Board game club,board_game_club
Board of education,board_of_education
Boarding house,boarding_house
Boarding school,boarding_school
Boat accessories supplier,boat_accessories_supplier
Boat builders,boat_builder
Boat cleaning service,boat_cleaning_service
Boat club,boat_club
Boat cover supplier,boat_cover_supplier
Boat dealer,boat_dealer
Boat ramp,boat_ramp
Boat rental service,boat_rental_service
Boat repair shop,boat_repair_shop
Boat storage facility,boat_storage_facility
Boat tour agency,boat_tour_agency
Boat trailer dealer,boat_trailer_dealer
Boating instructor,boating_instructor
Bocce ball court,bocce_ball_court
Body piercing shop,body_piercing_shop
Body shaping class,body_shaping_class
Boiler manufacturer,boiler_manufacturer
Boiler supplier,boiler_supplier
Bonesetting house,bonesetting_house
Bonsai plant supplier,bonsai_plant_supplier
Book publisher,book_publisher
Book store,book_store
Bookbinder,bookbinder
Bookkeeping service,bookkeeping_service
Bookmaker,bookmaker
Books wholesaler,books_wholesaler
Boot camp,boot_camp
Boot repair shop,boot_repair_shop
Boot store,boot_store
Border crossing station,border_crossing_station
Border guard,border_guard
Botanica,botanica
Botanical garden,botanical_garden
Bottle & can redemption center,bottle_and_can_redemption_center
Bottled water supplier,bottled_water_supplier
Bouncy castle hire,bouncy_castle_hire
Boutique,boutique
Bowling alley,bowling_alley
Bowling club,bowling_club
Bowling supply shop,bowling_supply_shop
Box lunch supplier,box_lunch_supplier
Boxing club,boxing_club
Boxing gym,boxing_gym
Boxing ring,boxing_ring
Boys' high school,boys_high_school
Brake shop,brake_shop
Branding agency,branding_agency
Brasserie,restaurant_brasserie
Brazilian pastelaria,brazilian_pastelaria
Brazilian restaurant,brazilian_restaurant
Breakfast restaurant,breakfast_restaurant
Brewery,brewery
Brewing supply store,brewing_supply_store
Brewpub,brewpub
Brick manufacturer,brick_manufacturer
Bricklayer,bricklayer
Bridal shop,bridal_shop
Bridge,bridge
Bridge club,bridge_club
British restaurant,british_restaurant
Brunch restaurant,brunch_restaurant
Bubble tea store,bubble_tea_store
Buddhist supplies store,buddhist_supplies_store
Buddhist temple,buddhist_temple
Buffet restaurant,buffet_restaurant
Bugatti dealer,bugatti_dealer
Buick dealer,buick_dealer
Building consultant,building_consultant
Building design company,building_design_company
Building designer,building_designer
Building equipment hire service,building_equipment_hire_service
Building firm,building_firm
Building inspector,building_inspector
Building materials market,building_materials_market
Building materials store,building_materials_store
Building materials supplier,building_materials_supplier
Building restoration service,building_restoration_service
Building society,building_society
Bulgarian restaurant,bulgarian_restaurant
Bullring,bullring
Bungee jumping center,bungee_jumping_center
Burglar alarm store,burglar_alarm_store
Burmese restaurant,burmese_restaurant
Burrito restaurant,burrito_restaurant
Bus and coach company,bus_and_coach_company
Bus charter,bus_charter
Bus company,bus_company
Bus depot,bus_depot
Bus ticket agency,bus_ticket_agency
Bus tour agency,bus_tour_agency
Business administration service,business_administration_service
Business banking service,business_banking_service
Business broker,business_broker
Business center,business_center
Business development service,business_development_service
Business management consultant,business_management_consultant
Business networking company,business_networking_company
Business park,business_park
Business school,business_school
Business to business service,business_to_business_service
Butane gas supplier,butane_gas_supplier
Butcher shop,butcher_shop
Butcher shop deli,butcher_shop_deli
Butsudan store,butsudan_store
CBSE school,cbse_school
CD store,cd_store
CNG fitment center,cng_fittment_center
Cabaret club,cabaret_club
Cabin rental agency,cabin_rental_agency
Cabinet maker,cabinet_maker
Cabinet store,cabinet_store
Cable company,cable_company
Cadillac dealer,cadillac_dealer
Cafe,cafe
Cafeteria,cafeteria
Cajun restaurant,cajun_restaurant
Cake decorating equipment shop,cake_decorating_equipment_shop
Cake shop,cake_shop
Californian restaurant,californian_restaurant
Call center,call_center
Call shop,call_shop
Calligraphy lesson,calligraphy_lesson
Calvary Chapel church,calvary_chapel_church
Cambodian restaurant,cambodian_restaurant
Camera repair shop,camera_repair_shop
Camera store,camera_store
Camper shell supplier,camper_shell_supplier
Campground,campground
Camping cabin,camping_cabin
Camping farm,camping_farm
Camping store,camping_store
Canadian restaurant,canadian_restaurant
Cancer treatment center,cancer_treatment_center
Candle store,candle_store
Candy store,candy_store
Cane furniture store,cane_furniture_store
Cannabis club,cannabis_club
Cannabis store,cannabis_store
Cannery,cannery
Canoe & kayak rental service,canoe_and_kayak_rental_service
Canoe & kayak store,canoe_and_kayak_store
Canoe & kayak tour agency,canoe_and_kayak_tour_agency
Canoe and kayak club,canoe_and_kayak_club
Canoeing area,canoeing_area
Cantabrian restaurant,cantabrian_restaurant
Cantonese restaurant,cantonese_restaurant
Cape Verdean restaurant,cape_verdean_restaurant
Capoeira school,capoeira_school
Capsule hotel,capsule_hotel
Car accessories store,car_accessories_store
Car alarm supplier,car_alarm_supplier
Car battery store,car_battery_store
Car dealer,car_dealer
Car detailing service,car_detailing_service
Car factory,car_factory
Car finance and loan company,car_finance_and_loan_company
Car inspection station,car_inspection_station
Car leasing service,car_leasing_service
Car manufacturer,car_manufacturer
Car racing track,car_race_track
Car rental agency,car_rental_agency
Car repair and maintenance service,car_repair
Car security system installer,car_security_system_installer
Car sharing location,car_sharing_location
Car stereo store,car_stereo_store
Car wash,car_wash
Carabinieri police,carabinieri_police
Cardiologist,cardiologist
Cardiovascular and thoracic surgeon,cardiovascular_and_thoracic_surgeon
Career guidance service,career_guidance_service
Caribbean restaurant,caribbean_restaurant
Carnival club,carnival_club
Carpenter,carpenter
Carpet cleaning service,carpet_cleaning_service
Carpet installer,carpet_installer
Carpet manufacturer,carpet_manufacturer
Carpet store,carpet_store
Carpet wholesaler,carpet_wholesaler
Carpooling location,carpool
Carport and pergola builder,carport_and_pergola_builder
Carriage ride service,carriage_ride_service
Carvery,carvery_restaurant
Cash and carry wholesaler,cash_and_carry_wholesaler
Casino,casino
Casket service,casket_service
Castilian restaurant,castilian_restaurant
Castle,castle
Cat boarding service,cat_boarding_service
Cat breeder,cat_breeder
Cat café,cat_cafe
Cat trainer,cat_trainer
Catalonian restaurant,catalonian_restaurant
Caterer,catering_service
Catering food and drink supplier,catering_food_and_drink_supplies
Cathedral,cathedral
Catholic cathedral,catholic_cathedral
Catholic church,catholic_church
Catholic school,catholic_school
Cattery,cattery
Cattle farm,cattle_farm
Cattle market,cattle_market
Caucasian restaurant,caucasian_restaurant
Ceiling supplier,ceiling_supplier
Cell phone accessory store,cell_phone_accessory_store
Cell phone charging station,cell_phone_charging_station
Cell phone store,cell_phone_store
Cement manufacturer,cement_manufacturer
Cement supplier,cement_supplier
Cemetery,cemetery
Cendol restaurant,cendol_restaurant
Central American restaurant,central_american_restaurant
Central European restaurant,central_european_restaurant
Central Javanese restaurant,central_javanese_restaurant
Central authority,central_authority
Central bank,central_bank
Ceramic manufacturer,ceramic_manufacturer
Ceramics wholesaler,ceramics_wholesaler
Certification agency,certification_agency
Certified public accountant,certified_public_accountant
Cha chaan teng (Hong Kong-style cafe),hong_kong_style_cafe
Chalet,chalet
Chamber of Commerce,chamber_of_commerce
Chamber of agriculture,chamber_of_agriculture
Chamber of handicrafts,chamber_of_handicrafts
Champon noodle restaurant,champon_noodle_restaurant
Chanko restaurant,chankonabe_restaurant
Chapel,chapel
Charcuterie,charcuterie
Charity,charity
Charter school,charter_school
Chartered accountant,chartered_accountant
Chartered surveyor,building_surveyor
Chauffeur service,car_service
Check cashing service,check_cashing_service
Cheese manufacturer,cheese_manufacturer
Cheese shop,cheese_shop
Cheesesteak restaurant,cheesesteak_restaurant
Chemical engineering,chemical_engineer
Chemical exporter,chemical_exporter
Chemical manufacturer,chemical_manufacturer
Chemical plant,chemical_plant
Chemical wholesaler,chemical_wholesaler
Chemistry lab,chemistry_lab
Chesapeake restaurant,chesapeake_restaurant
Chess and card club,chess_and_card_club
Chess club,chess_club
Chess instructor,chess_instructor
Chettinad restaurant,chettinad_restaurtant
Chevrolet dealer,chevrolet_dealer
Chicken hatchery,chicken_hatchery
Chicken restaurant,chicken_restaurant
Chicken shop,chicken_shop
Chicken wings restaurant,chicken_wings_restaurant
Child care agency,child_care_agency
Child health care centre,child_health_care_centre
Child psychiatrist,child_psychiatrist
Child psychologist,child_psychologist
Childbirth class,childbirth_class
Childminder,babysitter
Children Policlinic,children_policlinic
Children hall,children_hall
Children's amusement center,children_amusement_center
Children's clothing store,childrens_clothing_store
Children's furniture store,childrens_furniture_store
Children's hospital,childrens_hospital
Children's museum,childrens_museum
Children's party service,childrens_party_service
Childrens book store,childrens_book_store
Childrens cafe,childrens_cafe
Childrens club,childrens_club
Childrens farm,childrens_farm
Childrens home,childrens_home
Childrens library,childrens_library
Childrens party buffet,childrens_party_buffet
Childrens store,childrens_store
Childrens theater,childrens_theater
Children’s Camp,camp
Chilean restaurant,chilean_restaurant
Chimney services,chimney_services
Chimney sweep,chimney_sweep
Chinaware store,chinaware_store
Chinese bakery,chinese_pastry
Chinese language instructor,chinese_language_instructor
Chinese language school,chinese_language_school
Chinese medicine clinic,chinese_medicine_clinic
Chinese medicine store,chinese_medicine_store
Chinese noodle restaurant,chinese_noodle_restaurant
Chinese restaurant,chinese_restaurant
Chinese supermarket,chinese_supermarket
Chinese takeaway,chinese_takeaway
Chinese tea house,chinese_tea_house
Chiropractor,chiropractor
Chocolate artisan,chocolate_artisan
Chocolate cafe,chocolate_cafe
Chocolate factory,chocolate_factory
Chocolate shop,chocolate_shop
Choir,choir
Chop bar,chop_bar
Chophouse restaurant,chophouse_restaurant
Christian book store,christian_book_store
Christian church,christian_church
Christian college,christian_college
Christmas market,christmas_market
Christmas store,christmas_store
Christmas tree farm,christmas_tree_farm
Chrysler dealer,chrysler_dealer
Church,church
Church of Christ,church_of_christ
Church of Jesus Christ of Latter-day Saints,church_of_jesus_christ_of_latter_day_saints
Church of the Nazarene,church_of_the_nazarene
Church supply store,church_supply_store
Churreria,churreria
Cider bar,cider_bar
Cider mill,cider_mill
Cig kofte restaurant,cig_kofte_restaurant
Cigar shop,cigar_shop
Cinema equipment supplier,cinema_equipment_supplier
Circus,circus
Citizen information bureau,citizen_information_bureau
Citizens advice bureau,citizens_advice_bureau
Citroen dealer,citroen_dealer
City Department of Environment,city_department_of_environment
City Department of Public Safety,city_department_of_public_safety
City administration,city_administration
City clerk's office,city_clerks_office
City courthouse,city_courthouse
City department of transportation,city_department_of_transportation
City district office,city_district_office
City employment department,city_employment_department
City government office,city_government_office
City or town hall,city_hall
City park,city_park
City pillar shrine,city_pillar_shine
City tax office,city_tax_office
Civic center,civic_center
Civil defense,civil_defence
Civil engineer,civil_engineer
Civil engineering company,civil_engineering_company
Civil examinations academy,civil_examinations_academy
Civil law attorney,civil_law_attorney
Civil police,civil_police
Civil registry,civil_registry
Class,class
Classified ads newspaper publisher,classified_ads_newspaper_publisher
Cleaners,cleaners
Cleaning products supplier,cleaning_products_supplier
Clergyman,clergyman
Clock repair service,clock_repair_service
Clock watch maker,clock_watch_maker
Closed circuit television,closed_circuit_television
Clothes and fabric manufacturer,clothes_and_fabric_manufacturer
Clothes and fabric wholesaler,clothes_and_fabric_wholesaler
Clothes market,clothes_market
Clothing alteration service,clothing_alteration_service
Clothing store,clothing_store
Clothing supplier,clothing_supplier
Clothing wholesale market place,clothing_wholesale_market_place
Clothing wholesaler,clothing_wholesaler
Club,club
Co-ed school,coed_school
Coaching center,coaching_center
Coal exporter,coal_exporter
Coal supplier,coal_supplier
Coalfield,coalfield
Coast guard station,coast_guard_station
Coat wholesaler,coat_wholesaler
Cocktail bar,cocktail_bar
Coffee machine supplier,coffee_machine_supplier
Coffee roasters,coffee_roasters
Coffee shop,coffee_shop
Coffee stand,coffee_stand
Coffee store,coffee_store
Coffee vending machine,coffee_vending_machine
Coffee wholesaler,coffee_wholesaler
Coffin supplier,coffin_supplier
Coin dealer,coin_dealer
Coin operated laundry equipment supplier,coin_operated_laundry_equipment_supplier
Coin operated locker,coin_operated_locker
Cold cut store,cold_cut_store
Cold noodle restaurant,cold_noodle_restaurant
Cold storage facility,cold_storage_facility
Collectibles store,collectibles_store
College,college
College of agriculture,college_of_agriculture
Colombian restaurant,colombian_restaurant
Combined primary and secondary school,combined_primary_and_secondary_school
Comedy club,comedy_club
Comic book store,comic_book_store
Comic cafe,comic_cafe
Commercial agent,commercial_agent
Commercial cleaning service,commercial_cleaning_service
Commercial photographer,advertising_photographer
Commercial printer,commercial_printer
Commercial real estate agency,commercial_real_estate_agency
Commercial real estate inspector,commercial_real_estate_inspector
Commercial refrigeration,commercial_refrigeration
Commercial refrigerator supplier,commercial_refrigerator_supplier
Commissioner for Oaths,commissioner_for_oaths
Communications tower,tower_communication_service
Community center,community_center
Community college,community_college
Community garden,community_garden
Community health centre,community_health_center
Community school,community_school
Company registry,company_registry
Comprehensive secondary school,comprehensive_secondary_school
Compressed natural gas station,cng_station
Computer accessories store,computer_accessories_store
Computer club,computer_club
Computer consultant,computer_consultant
Computer desk store,computer_desk_store
Computer hardware manufacturer,computer_hardware_manufacturer
Computer networking service,computer_networking_center
Computer repair service,computer_repair_service
Computer security service,computer_security_service
Computer service,computer_service
Computer software store,computer_software_store
Computer store,computer_store
Computer support and services,computer_support_and_services
Computer training school,computer_training_school
Computer wholesaler,computer_wholesaler
Concert hall,concert_hall
Concrete contractor,concrete_contractor
Concrete factory,concrete_factory
Concrete metal framework supplier,concrete_metal_framework_supplier
Concrete product supplier,concrete_product_supplier
Condiments supplier,condiments_supplier
Condominium complex,condominium_complex
Condominium rental agency,condominium_rental_agency
Confectionery,confectionery
Confectionery wholesaler,confectionery_wholesaler
Conference center,conference_center
Congregation,congregation
Conservation department,conservation_department
Conservative club,conservative_club
Conservative synagogue,conservative_synagogue
Conservatory construction contractor,conservatory_construction_contractor
Conservatory of music,conservatory_of_music
Conservatory supply & installation,conservatory_specialist
Consignment shop,consignment_shop
Construction and maintenance office,construction_and_maintenance_office
Construction company,construction_company
Construction equipment supplier,construction_equipment_supplier
Construction machine dealer,construction_machine_dealer
Construction machine rental service,construction_machine_rental_service
Construction material wholesaler,construction_material_wholesaler
Consultant,consultant
Consumer advice center,consumer_advice_center
Contact lenses supplier,contact_lenses_supplier
Container service,container_service
Container supplier,container_supplier
Container terminal,container_terminal
Containers supplier,containers_supplier
Contemporary Louisiana restaurant,contemporary_louisiana_restaurant
Continental restaurant,continental_restaurant
Contractor,contractor
Convenience store,convenience_store
Convent,nunnery
Convention center,convention_center
Convention information bureau,convention_information_bureau
Conveyancer,conveyancer
Conveyor belt sushi restaurant,casual_sushi_restaurant
Cookie shop,cookie_shop
Cooking class,cooking_class
Cooking school,cooking_school
Cooling plant,cooling_plant
Cooperative bank,cooperative_bank
Copier repair service,copier_repair_service
Copper supplier,copper_supplier
Coppersmith,coppersmith
Copy shop,copy_shop
Copying supply store,copying_supply_store
Copywriting service,copywriting_service
Corporate campus,corporate_campus
Corporate entertainment service,corporate_entertainment_service
Corporate gift supplier,corporate_gift_supplier
Corporate office,corporate_office
Correctional services department,correctional_services_department
Cosmetic dentist,cosmetic_dentist
Cosmetic products manufacturer,cosmetic_products_manufacturer
Cosmetic surgeon,cosmetic_surgeon
Cosmetics and perfumes supplier,cosmetics_and_parfumes_supplier
Cosmetics industry,cosmetics_industry
Cosmetics store,cosmetics_store
Cosmetics wholesaler,cosmetics_wholesaler
Cosplay cafe,cosplay_cafe
Cost accounting service,cost_accounting_service
Costa Rican restaurant,costa_rican_restaurant
Costume jewelry shop,costume_jewelry_shop
Costume rental service,costume_rental_service
Costume store,costume_store
Cottage,cottage
Cottage rental,cottage_rental
Cotton exporter,cotton_exporter
Cotton mill,cotton_mill
Cotton supplier,cotton_supplier
Council,council
Counselor,counselor
Countertop contractor,countertop_contractor
Countertop store,countertop_store
Country club,country_club
Country food restaurant,country_food_restaurant
Country house,country_house
Country park,country_park
County government office,county_government_office
Courier service,courier_service
Court executive officer,court_executive_officer
Court reporter,court_reporter
Couscous restaurant,couscous_restaurant
Couture store,couture_store
Coworking space,coworking_space
Crab house,crab_dish_restaurant
Craft store,craft_store
Cramming school,cramming_school
Crane dealer,crane_dealer
Crane rental agency,crane_rental_agency
Crane service,crane_service
Craniosacral therapy,craniosacral_therapy
Crating Services,crating_services
Creche,creche
Credit counseling service,credit_counseling_service
Credit reporting agency,credit_reporting_agency
Credit union,credit_union
Cremation service,cremation_service
Creole restaurant,creole_restaurant
Cricket club,cricket_club
Cricket ground,cricket_ground
Cricket shop,cricket_shop
Crime victim service,crime_victim_service
Criminal justice attorney,criminal_law_attorney
Croatian restaurant,croatian_restaurant
Crop grower,crop_grower
Croquet club,croquet_club
Cruise agency,cruise_agency
Cruise line company,cruise_line
Cruise terminal,cruise_terminal
Crushed stone supplier,crushed_stone_supplier
Crêperie,creperie
Cuban restaurant,cuban_restaurant
Culinary school,culinary_school
Cultural association,cultural_association
Cultural center,cultural_center
Cultural landmark,cultural_landmark
Cupcake shop,cupcake_shop
Cupra dealer,cupra_dealer
Cured ham bar,cured_ham_bar
Cured ham store,cured_ham_store
Cured ham warehouse,cured_ham_warehouse
Curling club,curling_club
Curling hall,curling_hall
Currency exchange service,currency_exchange_service
Curtain and upholstery cleaning service,curtain_and_upholstery_cleaner
Curtain store,curtain_store
Curtain supplier and maker,curtain_supplier_and_maker
Custom confiscated goods store,custom_confiscated_goods_store
Custom home builder,custom_home_builder
Custom label printer,custom_label_printer
Custom t-shirt store,custom_t_shirt_store
Custom tailor,custom_tailor
Customs broker,customs_broker
Customs consultant,customs_consultant
Customs department,customs_department
Customs office,customs_office
Customs warehouse,customs_warehouse
Cutlery store,cutlery_store
Cycle rickshaw stand,cycle_rickshaw_stand
Cycling park,cycling_park
Czech restaurant,czech_restaurant
DJ service,dj
DJ supply store,dj_supply_store
DS Automobiles dealer,ds_automobiles_dealer
DVD store,dvd_store
Dacia dealer,dacia_dealer
Daihatsu dealer,daihatsu_dealer
Dairy,dairy
Dairy farm,dairy_farm
Dairy farm equipment supplier,dairy_farm_equipment_supplier
Dairy store,dairy_store
Dairy supplier,dairy_supplier
Dan Dan noodle restaurant,dan_dan_noodle_restaurant
Dance club,dance_club
Dance company,dance_company
Dance conservatory,dance_conservatory
Dance hall,dance_hall
Dance pavillion,dance_pavillion
Dance restaurant,dance_restaurant
Dance school,dance_school
Dance store,dance_store
Danish restaurant,danish_restaurant
Dart bar,dart_bar
Dart supply store,dart_supply_store
Data entry service,data_entry_service
Data recovery service,data_recovery_service
Database management company,database_management_company
Dating service,dating_service
Day care center,day_care_center
Day spa,day_spa
Deaf church,deaf_church
Deaf school,deaf_school
Deaf service,deaf_service
Dealer of Fiat Professional,dealer_of_fiat_professional
Debris removal service,debris_removal_service
Debt collecting,debt_collecting
Debt collection agency,debt_collection_agency
Decal supplier,decal_supplier
Deck builder,deck_builder
Deli,deli
Delivery Chinese restaurant,delivery_chinese_restaurant
Delivery service,delivery_service
Demolition contractor,demolition_contractor
Dental clinic,dental_clinic
Dental hygienist,dental_hygienist
Dental implants periodontist,dental_implants_periodontist
Dental implants provider,dental_implants_provider
Dental insurance agency,dental_insurance_agency
Dental laboratory,dental_lab
Dental radiology,dental_radiology
Dental school,dental_school
Dental supply store,dental_supply_store
Dentist,dentist
Denture care center,denture_care_center
Department for Regional Development,department_for_regional_development
Department of Public Safety,department_of_public_safety
Department of Social Services,department_of_social_services
Department of State Treasure,dept_of_state_treasure
Department of Transportation,department_of_transportation
Department of education,department_of_education
Department of finance,department_of_finance
Department of housing,department_of_housing
Department of motor vehicles,department_of_motor_vehicles
Department store,department_store
Dept of City Treasure,dept_of_city_treasure
Dermatologist,dermatologist
Desalination plant,desalination_plant
Design agency,design_agency
Design engineer,design_engineer
Design institute,design_institute
Desktop publishing service,desktop_publishing_service
Dessert restaurant,dessert_restaurant
Dessert shop,dessert_shop
Detention center,detention_center
Dhaba,dhaba
Diabetes center,diabetes_center
Diabetes equipment supplier,diabetes_equipment_supplier
Diabetologist,diabetologist
Diagnostic center,diagnostic_center
Dialysis center,dialysis_center
Diamond buyer,diamond_buyer
Diamond dealer,diamond_dealer
Diaper service,diaper_service
Diesel engine dealer,diesel_engine_dealer
Diesel engine repair service,diesel_engine_repair_service
Diesel fuel supplier,diesel_fuel_supplier
Dietitian,dietitian
Digital printer,digital_printer
Digital printing service,digital_printing_service
Dim sum restaurant,dim_sum_restaurant
Diner,diner
Dinner theater,dinner_theater
Direct mail advertising,direct_mail_advertising
Dirt supplier,dirt_supplier
Disability equipment supplier,disability_equipment_supplier
Disability services and support organization,disability_services_and_support_organization
Disc golf course,disc_golf_course
Disciples of Christ Church,disciples_of_christ_church
Disco club,disco
Discount store,discount_store
Discount supermarket,discount_supermarket
Display home center,display_home_center
Display stand manufacturer,display_stand_manufacturer
Disposable Nappies,disposable-nappies
Disposable tableware supplier,disposable_tableware_supplier
Distance learning center,distance_learning_center
Distillery,distillery
Distribution service,distribution_service
District Justice,district_justice
District attorney,district_attorney
District council,district_council
District government office,district_government_office
District office,district_office
Dive club,dive_club
Dive shop,dive_shop
Diving center,diving_center
Diving contractor,diving_service
Divorce lawyer,divorce_attorney
Divorce service,divorce_service
Do-it-yourself shop,do_it_yourself_store
Dock builder,dock_builder
Doctor,doctor
Dodge dealer,dodge_dealer
Dog breeder,dog_breeder
Dog cafe,dog_cafe
Dog day care center,dog_day_care_center
Dog park,dog_park
Dog trainer,dog_trainer
Dog walker,dog_walker
Dogsled ride service,dogsled_ride_service
Dojo restaurant,dojo_restaurant
Doll restoration service,doll_restoration_service
Doll store,doll_store
Dollar store,dollar_store
Domestic abuse treatment center,domestic_abuse_treatment_center
Domestic airport,domestic_airport
Dominican restaurant,dominican_restaurant
Donations center,donations_center
Doner kebab restaurant,doner_kebab_restaurant
Donut shop,donut_shop
Door manufacturer,door_manufacturer
Door shop,door_shop
Door supplier,door_supplier
Door warehouse,door_warehouse
Double glazing installer,double_glazing_supplier
Doula,doula
Drafting equipment supplier,drafting_equipment_supplier
Drafting service,drafting_service
Drainage service,drainage_service
Drama school,drama_school
Drama theater,drama_theater
Drawing lessons,drawing_lessons
Dress and tuxedo rental service,dress_and_tuxedo_rental_service
Dress store,dress_shop
Dressmaker,dressmaker
Dried flower shop,dried_flower_shop
Dried seafood store,dried_seafood_store
Drilling contractor,drilling_contractor
Drilling equipment supplier,drilling_equipment_supplier
Drinking water fountain,drinking_water_fountain
Drive-in movie theater,drive_in_movie_theater
Driver and vehicle licensing agency,driver_vehicle_licensing_agency
Driver's license office,drivers_license_office
Drivers license training school,drivers_license_training_school
Driveshaft shop,driveshaft_shop
Driving school,driving_school
Driving test center,driving_test_centre
Drone shop,drone_shop
Drug store,drugstore
Drug testing service,drug_testing_service
Drum school,drum_school
Drum store,drum_store
Dry cleaner,dry_cleaner
Dry fruit store,dry_fruit_store
Dry ice supplier,dry_ice_supplier
Dry wall contractor,dry_wall_contractor
Dry wall supply store,dry_wall_supply_store
Dryer vent cleaning service,dryer_vent_cleaning_service
Ducati dealer,ducati_dealer
Dude ranch,dude_ranch
Dump truck dealer,dump_truck_dealer
Dumpling restaurant,dumpling_restaurant
Dumpster rental service,dumpster_rental_service
Durum restaurant,durum_restaurant
Dutch restaurant,dutch_restaurant
Duty free store,duty_free_store
Dye store,dye_store
Dyeworks,dyeworks
Dynamometer supplier,dynamometer_supplier
E commerce agency,e_commerce_agency
E-commerce service,e_commerce_service
EFTPOS equipment supplier,eftpos_equipment_supplier
Ear piercing service,ear_piercing_service
Earth works company,earth_works_company
East African restaurant,east_african_restaurant
East Javanese restaurant,east_javanese_restaurant
Eastern European restaurant,eastern_european_restaurant
Eastern Orthodox Church,eastern_orthodox_church
Eating disorder treatment center,eating_disorder_treatment_center
Eclectic restaurant,eclectic_restaurant
Ecological park,ecological_park
Ecologists association,ecologists_association
Economic consultant,economic_consultant
Economic development agency,economic_development_agency
Ecuadorian restaurant,ecuadorian_restaurant
Education center,education_center
Educational consultant,educational_consultant
Educational institution,educational_institution
Educational supply store,educational_supply_store
Educational testing service,educational_testing_service
Egg supplier,egg_supplier
Egyptian restaurant,egyptian_restaurant
Elder law attorney,elder_law_attorney
Electric Motor Scooter Dealer,electric_motor_scooter_dealer
Electric Motor Vehicle Dealer,electric_motor_vehicle_dealer
Electric Motorcycle Dealer,electric_motorcycle_dealer
Electric bicycle store,electric_bicycle_store
Electric generator shop,generator_shop
Electric motor repair shop,electric_motor_repair_shop
Electric motor store,electric_motor_store
Electric utility company,electric_utility_company
Electric vehicle charging station,electric_vehicle_charging_station
Electric vehicle charging station contractor,electric_vehicle_charging_station_contractor
Electrical appliance wholesaler,electrical_appliance_wholesaler
Electrical engineer,electrical_engineer
Electrical equipment manufacturer,electric_utility_manufacturer
Electrical equipment supplier,electrical_equipment_supplier
Electrical installation service,electrical_installation_service
Electrical parts wholesaler,electrical_wholesaler
Electrical repair shop,electrical_repair_shop
Electrical substation,electrical_substation
Electrical supply store,electrical_supply_store
Electrician,electrician
Electrolysis hair removal service,electrolysis_hair_removal_service
Electronic engineering service,electronic_engineer
Electronic parts supplier,electronic_parts_supplier
Electronics accessories wholesaler,electronics_accessories_wholesaler
Electronics company,electronics_company
Electronics engineer,electronics_engineer
Electronics exporter,electronics_exporter
Electronics hire shop,electronics_hire_shop
Electronics manufacturer,electronics_manufacturer
Electronics repair shop,electronics_repair_shop
Electronics store,electronics_store
Electronics vending machine,electronics_vending_machine
Electronics wholesaler,electronics_wholesaler
Elementary school,elementary_school
Elevator manufacturer,elevator_manufacturer
Elevator service,elevator_service
Embassy,embassy
Embossing service,embossing_service
Embroidery service,embroidery_service
Embroidery shop,embroidery_shop
Emergency call booth,emergency_call_station
Emergency care physician,emergency_care_physician
Emergency care service,emergency_care_service
Emergency dental service,emergency_dental_service
Emergency locksmith service,emergency_locksmith_service
Emergency management ministry,emergency_management_ministry
Emergency room,emergency_room
Emergency training,emergency_training
Emergency training school,emergency_training_school
Emergency veterinarian service,emergency_veterinarian_service
Employment agency,employment_agency
Employment attorney,employment_attorney
Employment center,employment_center
Employment consultant,employment_consultant
Endocrinologist,endocrinologist
Endodontist,endodontist
Endoscopist,endoscopist
Energy equipment and solutions,energy_equipment_and_solutions
Energy supplier,energy_supplier
Engine rebuilding service,engine_rebuilding_service
Engineer,engineer
Engineering consultant,engineering_consultant
Engineering school,engineering_school
English language camp,english_language_camp
English language instructor,english_language_instructor
English language school,english_language_school
English restaurant,english_restaurant
Engraver,engraver
Entertainer,entertainer
Entertainment agency,entertainment_agency
Envelope supplier,envelope_supplier
Environment office,environment_office
Environment renewable natural resources,environment_renewable_natural_resources
Environmental consultant,environmental_consultant
Environmental engineer,environmental_engineer
Environmental health service,environmental_health_service
Environmental organization,environmental_organization
Environmental protection organization,environmental_protection_organization
Episcopal church,episcopal_church
Equestrian club,equestrian_club
Equestrian facility,equestrian_facility
Equestrian store,equestrian_store
Equipment exporter,equipment_exporter
Equipment importer,equipment_importer
Equipment rental agency,equipment_rental_agency
Equipment supplier,equipment_supplier
Eritrean restaurant,eritrean_restaurant
Erotic massage,erotic_massage
Escape room center,escape_room_center
Escrow service,escrow_service
Espresso bar,espresso_bar
Estate appraiser,estate_appraiser
Estate liquidator,estate_liquidator
Estate planning attorney,estate_planning_attorney
Ethiopian restaurant,ethiopian_restaurant
Ethnographic museum,ethnographic_museum
European restaurant,european_restaurant
Evangelical church,evangelical_church
Evening dress rental service,evening_dress_rental_service
Evening school,evening_school
Event management company,event_management_company
Event planner,event_planner
Event technology service,event_technology_service
Event ticket seller,event_ticket_seller
Event venue,event_venue
Excavating contractor,excavating_contractor
Executive search firm,executive_search_firm
Executive suite rental agency,executive_suite_rental_agency
Executor,executor
Exercise equipment store,fitness_equipment_store
Exhibit,exhibit
Exhibition and trade centre,exhibition_and_trade_center
Exhibition planner,exhibition_planner
Exporter,exporter
Extended stay hotel,extended_stay_hotel
Extremaduran restaurant,extremadurian_restaurant
Eye care center,eye_care_center
Eyebrow bar,eyebrow_bar
Eyelash salon,eyelash_salon
FMCG goods wholesaler,fmcg_goods_wholesaler
FMCG manufacturer,fmcg_manufacturer
Fabric product manufacturer,fabric_product_manufacturer
Fabric store,fabric_store
Fabric wholesaler,fabric_wholesaler
Fabrication engineer,fabrication_engineer
Facial spa,facial_spa
Factory equipment supplier,factory_equipment_supplier
Faculty of arts,faculty_of_arts
Faculty of chemistry,chemistry_faculty
Faculty of geography and history,geography_and_history_faculty
Faculty of law,faculty_of_law
Faculty of media and information science,media_and_information_sciences_faculty
Faculty of pharmacy,faculty_of_pharmacy
Faculty of psychology,faculty_of_psychology
Faculty of science,faculty_of_science
Faculty of sports,faculty_of_sports
Fairground,fairground
Falafel restaurant,falafel_restaurant
Family counselor,family_counselor
Family day care service,family_day_care_service
Family law attorney,family_law_attorney
Family planning center,family_planning_center
Family planning counselor,family_planning_counselor
Family practice physician,family_practice_physician
Family restaurant,family_restaurant
Family service center,family_service_center
Farm,farm
Farm bureau,farm_bureau
Farm equipment repair service,farm_equipment_repair_service
Farm equipment supplier,farm_equipment_supplier
Farm household tour,farm_household_tour
Farm school,farm_school
Farm shop,farm_shop
Farmers' market,farmers_market
Farmstay,farmstay
Farrier Service,farrier_service
Fashion accessories store,fashion_accessories_store
Fashion design school,fashion_design_school
Fashion designer,fashion_designer
Fast food restaurant,fast_food_restaurant
Fastener supplier,fastener_supplier
Fax service,fax_service
Federal Agency for Technical Relief,federal_agency_for_technical_relief
Federal credit union,federal_credit_union
Federal government office,federal_government_office
Federal police,federal_police
Federal reserve bank,federal_reserve_bank
Feed manufacturer,feed_manufacturer
Felt boots store,felt_boots_store
Fence contractor,fence_contractor
Fence supply store,fence_supply_store
Fencing salon,fencing_salon
Fencing school,fencing_school
Feng shui consultant,feng_shui_consultant
Feng shui shop,feng_shui_shop
Ferrari dealer,ferrari_dealer
Ferris wheel,ferris_wheel
Ferry service,ferry_service
Fertility clinic,fertility_clinic
Fertility physician,fertility_physician
Fertilizer supplier,fertilizer_supplier
Festival,festival
Festival hall,festival_hall
Fiat dealer,fiat_dealer
Fiber optic products supplier,fiber_optic_products_supplier
Fiberglass repair service,fiberglass_repair_service
Fiberglass supplier,fiberglass_supplier
Figurine shop,figurine_shop
Filipino Grocery Store,filipino_grocery_store
Filipino restaurant,filipino_restaurant
Film and photograph library,film_and_photograph_library
Film production company,film_production_company
Filtration plant,filtration_plant
Finance broker,finance_broker
Financial Advisor,financial_advisor
Financial audit,financial_audit
Financial consultant,financial_consultant
Financial institution,financial_institution
Financial planner,financial_planner
Fine dining restaurant,fine_dining_restaurant
Fingerprinting service,fingerprinting_service
Finishing materials supplier,finishing_materials_supplier
Finnish restaurant,finnish_restaurant
Fire alarm supplier,fire_alarm_supplier
Fire damage restoration service,fire_damage_restoration_service
Fire department equipment supplier,fire_department_equipment_supplier
Fire fighters academy,fire_fighters_academy
Fire protection consultant,fire_protection_consultant
Fire protection equipment supplier,fire_protection_equipment_supplier
Fire protection service,fire_protection_service
Fire protection system supplier,fire_protection_system_supplier
Fire station,fire_station
Firearms academy,firearms_academy
Fireplace manufacturer,fireplace_manufacturer
Fireplace store,fireplace_store
Firewood supplier,firewood_supplier
Fireworks store,fireworks_store
Fireworks supplier,fireworks_supplier
First aid station,first_aid
Fish & chips restaurant,fish_and_chips_restaurant
Fish and chips takeaway,fish_and_chips_takeaway
Fish farm,fish_farm
Fish processing,fish_processing
Fish restaurant,fish_restaurant
Fish spa,fish_spa
Fish store,fish_store
Fishing camp,fishing_camp
Fishing charter,fishing_charter
Fishing club,fishing_club
Fishing pier,fishing_pier
Fishing pond,fishing_pond
Fishing store,fishing_store
Fitness center,fitness_center
Fitness equipment wholesaler,fitness_equipment_wholesaler
Fitted furniture supplier,fitted_furniture_supplier
Fixed-base operator,fixed_base_operator
Flag store,flag_store
Flamenco dance store,flamenco_dance_store
Flamenco school,flamenco_school
Flamenco theater,flamenco_theater
Flavours fragrances and aroma supplier,flavours_fragrances_and_aroma_supplier
Flea market,flea_market
Flight school,flight_school
Floating market,floating_market
Floor refinishing service,floor_refinishing_service
Floor sanding and polishing service,floor_sanding_and_polishing_service
Flooring contractor,flooring_contractor
Flooring store,flooring_store
Floridian restaurant,floridian_restaurant
Florist,florist
Flour mill,flour_mill
Flower delivery,flower_delivery
Flower designer,flower_designer
Flower market,flower_market
Foam rubber producer,foam_rubber_producer
Foam rubber supplier,foam_rubber_supplier
Foie gras producer,producteur_de_foie_gras
Folk high school,folk_high_school
Fondue restaurant,fondue_restaurant
Food and beverage consultant,food_and_beverage_consultant
Food and beverage exporter,food_and_beverage_exporter
Food bank,food_bank
Food broker,food_broker
Food court,food_court
Food machinery supplier,food_machinery_supplier
Food manufacturer,food_manufacturer
Food manufacturing supply,food_manufacturing_supply
Food processing company,food_processing_company
Food processing equipment,food_processing_equipment
Food producer,food_producer
Food products supplier,food_products_supplier
Food seasoning manufacturer,food_seasoning_manufacturer
Foot bath,foot_bath
Foot care,foot_care
Foot massage parlor,foot_massage_parlor
Football club,football_club
Footwear wholesaler,shoe_wholesaler
Ford dealer,ford_dealer
Foreclosure service,foreclosure_service
Foreign consulate,foreign_consulate
Foreign exchange students organization,foreign_exchange_students_organization
Foreign languages program school,foreign_languages_program_school
Foreign trade consultant,foreign_trade_consultant
Foreman builders association,foreman_builders_association
Forensic consultant,forensic_consultant
Forestry service,forestry_service
Forklift dealer,forklift_dealer
Forklift rental service,forklift_rental_service
Formal wear store,formal_clothing_store
Fortress,fortress
Fortune telling services,fortune_telling_services
Foster care service,foster_care_service
Foundation,foundation
Foundry,foundry
Fountain contractor,fountain_contractor
Foursquare church,foursquare_church
Franconian restaurant,franconian_restaurant
Fraternal organization,fraternal_organization
Free clinic,free_clinic
Free parking lot,free_parking_lot
Freestyle wrestling,freestyle_wrestling
Freight forwarding service,freight_forwarding_service
French language school,french_language_school
French restaurant,french_restaurant
French steakhouse restaurant,french_steakhouse_restaurant
Fresh food market,fresh_food_market
Fried chicken takeaway,fried_chicken_takeaway
Friends church,friends_church
Frituur,frituur
Frozen dessert supplier,frozen_dessert_supplier
Frozen food manufacturer,frozen_food_manufacturer
Frozen food store,frozen_food_store
Frozen yogurt shop,frozen_yogurt_shop
Fruit and vegetable processing,fruit_and_vegetable_processing
Fruit and vegetable store,fruit_and_vegetable_store
Fruit and vegetable wholesaler,fruit_and_vegetable_wholesaler
Fruit parlor,fruit_parlor
Fruit wholesaler,fruit_wholesaler
Fruits wholesaler,fruits_wholesaler
Fuel supplier,fuel_supplier
Fugu restaurant,fugu_restaurant
Fujian restaurant,fu_jian_restaurant
Full Gospel church,full_gospel_church
Full dress rental service,full_dress_rental_service
Function room facility,function_room_facility
Funeral celebrant service,funeral_celebrant_service
Funeral director,funeral_director
Funeral home,funeral_home
Fur coat shop,fur_coat_shop
Fur manufacturer,fur_manufacturer
Fur service,fur_service
Furnace parts supplier,furnace_parts_supplier
Furnace repair service,furnace_repair_service
Furnace store,furnace_store
Furnished apartment building,furnished_apartment_building
Furniture Removal,furniture_removal
Furniture accessories,furniture_accessories
Furniture accessories supplier,furniture_accessories_supplier
Furniture maker,furniture_maker
Furniture manufacturer,furniture_manufacturer
Furniture rental service,furniture_rental_service
Furniture repair shop,furniture_repair_shop
Furniture store,furniture_store
Furniture wholesaler,furniture_wholesaler
Fusion restaurant,fusion_restaurant
Futon store,futon_store
Futsal court,futsal_field
GMC dealer,gmc_dealer
GPS supplier,gps_supplier
Galician restaurant,galician_restaurant
Gambling house,gambling_house
Gambling instructor,gambling_instructor
Game store,game_store
Garage builder,garage_builder
Garage door supplier,garage_door_supplier
Garbage collection service,garbage_collection_service
Garbage dump,garbage_dump
Garbage dump service,garbage_dump_service
Garden,garden
Garden Machinery Supplier,garden_machinery
Garden building supplier,garden_building_retail
Garden center,garden_center
Garden furniture shop,garden_furniture_store
Gardener,gardener
Garment exporter,garment_exporter
Gas company,gas_company
Gas cylinders supplier,gas_cylinders_supplier
Gas engineer,gas_engineer
Gas installation service,gas_installation_service
Gas logs supplier,gas_logs_supplier
Gas shop,gas_shop
Gas station,gas_station
Gasfitter,gasfitter
Gasket manufacturer,gasket_manufacturer
Gastroenterologist,gastroenterologist
Gastrointestinal surgeon,gastrointestinal_surgeon
Gastropub,gastropub
Gated community,gated_community
Gay & lesbian organization,gay_and_lesbian_organization
Gay bar,gay_bar
Gay night club,gay_night_club
Gay sauna,gay_sauna
Gazebo builder,gazebo_builder
Gemologist,gemologist
Genealogist,genealogist
General contractor,general_contractor
General education school,general_education_school
General hospital,general_hospital
General practice attorney,general_practice_attorney
General practitioner,general_practitioner
General register office,general_register_office
General store,general_store
Genesis dealer,genesis_dealer
Geological research company,geological_research_company
Geological service,geological_service
Georgian restaurant,georgian_restaurant
Geotechnical engineer,geotechnical_engineer
Geriatrician,geriatrician
German language school,german_language_school
German restaurant,german_restaurant
Gift basket store,gift_basket_store
Gift shop,gift_shop
Gift wrap store,gift_wrap_store
Girl bar,girl_bar
Girls' high school,girls_secondary_school
Glass & mirror shop,glass_and_mirror_shop
Glass block supplier,glass_block_supplier
Glass blower,glass_blower
Glass cutting service,glass_cutting_service
Glass engraving service,glass_engraving
Glass etching service,glass_etching_service
Glass industry,glass_industry
Glass manufacturer,glass_manufacturer
Glass merchant,glass_merchant
Glass repair service,glass_repair_service
Glass shop,glass_shop
Glasses repair service,glasses_repair_service
Glassware manufacturer,glassware_manufacturer
Glassware store,glassware_store
Glassware wholesaler,glassware_wholesaler
Glazier,glazier
Gluten-free restaurant,gluten_free_restaurant
Go-kart track,go_kart_track
Goan restaurant,goan_restaurant
Gold dealer,gold_dealer
Gold mining company,gold_mining_company
Goldfish store,goldfish_store
Goldsmith,goldsmith
Golf cart dealer,golf_cart_dealer
Golf club,golf_club
Golf course,golf_course
Golf course builder,golf_course_builder
Golf driving range,golf_driving_range
Golf instructor,golf_instructor
Golf shop,golf_shop
Gospel church,gospel_church
Gourmet grocery store,gourmet_grocery_store
Government college,government_college
Government economic program,government_economic_program
Government hospital,government_hospital
Government office,government_office
Government ration shop,government_ration_shop
Government school,government_school
Graduate school,graduate_school
Graffiti removal service,graffiti_removal_service
Grain elevator,grain_elevator
Grammar school,grammar_school
Granite supplier,granite_supplier
Graphic designer,graphic_designer
Gravel pit,gravel_pit
Gravel plant,gravel_plant
Greco-Roman wrestling,greco_roman_wrestling
Greek Orthodox church,greek_orthodox_church
Greek restaurant,greek_restaurant
Green energy supplier,green_energy_supplier
Greengrocer,green_grocers
Greenhouse,greenhouse
Greeting card shop,greeting_card_shop
Greyhound stadium,greyhound_stadium
Grill,asador
Grill store,grill_store
Grocery delivery service,grocery_delivery_service
Grocery store,grocery_store
Ground self defense force,ground_self_defense_force
Group home,group_home
Grow shop,grow_shop
Guardia Civil,guardia_civil
Guardia Di Finanza Police,guardia_di_finanza_police
Guatemalan restaurant,guatemalan_restaurant
Guest house,guest_house
Guitar instructor,guitar_instructor
Guitar store,guitar_store
Guizhou restaurant,gui_zhou_restaurant
Gujarati restaurant,gujarati_restaurant
Gun club,gun_club
Gun shop,gun_shop
Gurudwara,sikh_temple
Gutter cleaning service,gutter_cleaning_service
Gym,gym
Gymnasium Cz,gymnasium_cz
Gymnasium school,gymnasium_school
Gymnastics center,gymnastics_center
Gymnastics club,gymnastics_club
Gynecologist,gynecologist_only
Gypsum product supplier,gypsum_product_supplier
Gyro restaurant,gyro_restaurant
Gyudon restaurant,beef_rice_bowl_restaurant
HIV testing center,hiv_testing_center
HVAC contractor,hvac_contractor
Haberdashery,haberdashery
Hair extension technician,hair_extension_technician
Hair extensions supplier,hair_extensions_supplier
Hair removal service,hair_removal_service
Hair replacement service,hair_replacement_service
Hair salon,hair_salon
Hair transplantation clinic,hair_transplantation_clinic
Hairdresser,unisex_hairdresser
Haitian restaurant,haitian_restaurant
Hakka restaurant,hakka_restaurant
Halal restaurant,halal_restaurant
Haleem restaurant,haleem_restaurant
Halfway house,halfway_house
Ham shop,ham_shop
Hamburger restaurant,hamburger_restaurant
Hammam,hammam
Hand surgeon,hand_surgeon
Handbags shop,handbags_shop
Handball club,handball_club
Handball court,handball_court
Handicapped transportation service,handicapped_transportation_service
Handicraft,handicraft
Handicraft exporter,handicraft_exporter
Handicraft fair,handicraft_fair
Handicraft museum,handicraft_museum
Handicraft school,handicraft_school
Handicrafts wholesaler,handicrafts_wholesaler
"Handyman, Handywoman, Handyperson",handyman
Hang gliding center,hang_gliding_center
Hardware store,hardware_store
Hardware training institute,hardware_training_institute
Harley-Davidson dealer,harley_davidson_dealer
Hat shop,hat_shop
Haunted house,haunted_house
Hauptschule (lower-tier secondary school),hauptschule
Haute French restaurant,haute_french_restaurant
Haute couture fashion house,haute_couture_fashion_house
Hawaiian goods store,hawaiian_goods_store
Hawaiian restaurant,hawaiian_restaurant
Hawker centre,hawker_centre
Hawker stall,hawker_stall
Hay supplier,hay_supplier
Head start center,head_start_center
Health and beauty shop,health_and_beauty_shop
Health consultant,health_consultant
Health counselor,health_counselor
Health food restaurant,health_food_restaurant
Health food store,health_food_store
Health insurance agency,health_insurance_agency
Health resort,health_resort
Health spa,health_spa
Hearing aid repair service,hearing_aid_repair_service
Hearing aid store,hearing_aid_store
Hearing assistance earphone store,hearing_assistance_earphone_store
Heart hospital,heart_hospital
Heating contractor,heating_contractor
Heating equipment supplier,heating_equipment_supplier
Heating oil supplier,heating_oil_supplier
Height works,height_works
Helicopter charter,helicopter_charter
Helicopter tour agency,helicopter_tour_agency
Heliport,heliport
Helium gas supplier,helium_gas_supplier
Helpline,helpline
Hematologist,hematologist
Hepatologist,hepatologist
Herb shop,herb_shop
Herbal medicine store,herbal_medicine_store
Herbalist,herbalist
Heritage building,heritage_building
Heritage museum,heritage_museum
Heritage preservation,heritage_preservation
High ropes course,high_ropes_course
High school,high_school
Higher secondary school,higher_secondary_school
Highway patrol,highway_patrol
Hiking area,hiking_area
Hiking guide,hiking_guide
Hindu priest,hindu_priest
Hindu temple,hindu_temple
Hip hop dance class,hip_hop_dance_class
Hispanic church,hispanic_church
Historical landmark,historical_landmark
Historical place museum,historical_place_museum
Historical society,historical_society
History museum,history_museum
Hoagie restaurant,hoagie_restaurant
Hobby store,hobby_store
Hockey club,hockey_club
Hockey field,hockey_field
Hockey rink,hockey_rink
Hockey supply store,hockey_supply_store
Holding company,holding_company
Holiday apartment,vacation_appartment
Holiday apartment rental,holiday_apartment_rental
Holiday home,holiday_home
Holistic medicine practitioner,holistic_medicine_practitioner
Home audio store,stereo_store
Home automation company,home_automation_company
Home builder,home_builder
Home cinema installation,home_cinema_installation
Home goods store,home_goods_store
Home hairdresser,home_hairdresser
Home health care service,home_health_care_service
Home help,home_help
Home help service agency,home_help_service_agency
Home improvement store,home_improvement_store
Home inspector,home_inspector
Home insurance agency,home_insurance_agency
Home theater store,home_theater_store
Homekill service,homekill_service
Homeless service,homeless_service
Homeless shelter,homeless_shelter
Homeopath,homeopath
Homeopathic pharmacy,homeopathic_pharmacy
Homeowners' association,homeowners_association
Honda dealer,honda_dealer
Honduran restaurant,honduran_restaurant
Honey farm,honey_farm
Hong Kong style fast food restaurant,hong_kong_style_fast_food_restaurant
Hookah bar,hookah_bar
Hookah store,hookah_store
Horse boarding stable,horse_boarding_stable
Horse breeder,horse_breeder
Horse rental service,horse_rental_service
Horse riding field,horse_riding_field
Horse riding school,horse_riding_school
Horse trailer dealer,horse_trailer_dealer
Horse trainer,horse_trainer
Horse transport supplier,horsebox_specialist
Horseback riding service,horseback_riding_service
Horseshoe smith,horseshoe_smith
Horsestable studfarm,horsestable_studfarm
Hose supplier,hose_supplier
Hospice,hospice
Hospital,hospital
Hospital department,hospital_department
Hospital equipment and supplies,hospital_and_equipment_supplies
Hospitality and tourism school,hospitality_and_tourism_school
Hospitality high school,hospitality_high_school
Host club,host_club
Hostel,hostel
Hot bedstone spa,hot_bedstone_spa
Hot dog restaurant,hot_dog_restaurant
Hot dog stand,hot_dog_stand
Hot pot restaurant,hot_pot_restaurant
Hot tub repair service,hot_tub_repair_service
Hot tub store,hot_tub_store
Hot water system supplier,hot_water_system_supplier
Hotel,hotel
Hotel management school,hotel_management_school
Hotel supply store,hotel_supply_store
House cleaning service,house_cleaning_service
House clearance service,house_clearance_service
House sitter,house_sitter
House sitter agency,house_sitter_agency
Houseboat rental service,houseboat_rental_service
Household chemicals supplier,household_chemicals_supplier
Household goods wholesaler,household_goods_wholesaler
Housing association,housing_association
Housing authority,housing_authority
Housing complex,housing_complex
Housing cooperative,housing_cooperative
Housing development,housing_development
Housing society,housing_society
Housing utility company,housing_utility_company
Hua gong shop,hua_gong_shop
Hua niao market place,hua_niao_market_place
Hub cap supplier,hub_cap_supplier
Human resource consulting,human_ressource_consulting
Hunan restaurant,hunan_style_restaurant
Hungarian restaurant,hungarian_restaurant
Hunting and fishing store,hunting_and_fishing_store
Hunting area,hunting_area
Hunting club,hunting_club
Hunting preserve,hunting_preserve
Hunting store,hunting_store
Hyderabadi restaurant,hyderabadi_restaurant
Hydraulic engineer,hydraulic_engineer
Hydraulic equipment supplier,hydraulic_equipment_supplier
Hydraulic repair service,hydraulic_repair_service
Hydroelectric power plant,hydroelectric_power_plant
Hydroponics equipment supplier,hydroponics_equipment_supplier
Hygiene articles wholesaler,hygiene_articles_wholesaler
Hyperbaric medicine physician,hyperbaric_medicine_physician
Hypermarket,hypermarket
Hypnotherapy service,hypnotherapy_service
Hyundai dealer,hyundai_dealer
ICSE school,icse_school
IMAX theater,imax_theater
Ice cream equipment supplier,ice_cream_equipment_supplier
Ice cream shop,ice_cream_shop
Ice hockey club,ice_hockey_club
Ice skating club,ice_skating_club
Ice skating instructor,ice_skating_instructor
Ice skating rink,ice_skating_rink
Ice supplier,ice_supplier
Icelandic restaurant,icelandic_restaurant
Ikan bakar restaurant,ikan_bakar_restaurant
Image consultant,image_consultant
Immigration & naturalization service,immigration_and_naturalization_service
Immigration attorney,immigration_attorney
Immigration detention centre,immigration_detention_center
Immunologist,immunologist
Impermeabilization service,impermeabilization_service
Import export company,import_export_company
Importer,importer
Incense supplier,incense_supplier
Incineration plant,incineration_plant
Income protection insurance agency,income_protection_insurance
Income tax help association,income_tax_help_association
Indian Motorcycle dealer,indian_motorcycle_dealer
Indian Muslim restaurant,indian_muslim_restaurant
Indian grocery store,indian_grocery_store
Indian restaurant,indian_restaurant
Indian sizzler restaurant,indian_sizzler_restaurant
Indian sweets shop,indian_sweets_shop
Indian takeaway,indian_takeaway
Indonesian restaurant,indonesian_restaurant
Indoor cycling,indoor_cycling
Indoor golf course,indoor_golf_course
Indoor playground,indoor_playground
Indoor snowcenter,indoor_snowcenter
Indoor swimming pool,indoor_swimming_pool
Industrial chemicals wholesaler,industrial_chemicals_wholesaler
Industrial consultant,industrial_consultant
Industrial design company,industrial_design_company
Industrial door supplier,industrial_door_supplier
Industrial engineer,industrial_engineer
Industrial engineers association,industrial_engineers_association
Industrial equipment supplier,industrial_equipment_supplier
Industrial framework supplier,industrial_framework_supplier
Industrial gas supplier,industrial_gas_supplier
Industrial real estate agency,industrial_real_estate_agency
Industrial supermarket,industrial_supermarket
Industrial technical engineers association,industrial_technical_engineers_association
Industrial vacuum equipment supplier,industrial_vacuum_equipment_supplier
Infectious disease physician,infectious_disease_physician
Infiniti dealer,infiniti_dealer
Information services,information_services
Inn,inn
Insolvency service,insolvency_service
Institute of Geography and Statistics,institute_of_geography_and_statistics
Institute of technology,iut
Instrumentation engineer,instrumentation_engineer
Insulation contractor,insulation_contractor
Insulation materials store,insulation_materials_store
Insulator supplier,insulator_supplier
Insurance agency,insurance_agency
Insurance attorney,insurance_attorney
Insurance broker,insurance_broker
Insurance company,insurance_company
Insurance school,insurance_school
Intellectual property registry,intellectual_property_registry
Intensivist,intensivist
Interior Decorator,interior_decorator
Interior architect office,interior_architect_office
Interior construction contractor,interior_construction_contractor
Interior designer,interior_designer
Interior door shop,interior_door
Interior fitting contractor,interior_fitting_contractor
Interior plant service,interior_plant_service
Internal medicine ward,internal_medicine_ward
International airport,international_airport
International school,international_school
International trade consultant,international_trade_consultant
Internet cafe,internet_cafe
Internet marketing service,internet_marketing_service
Internet service provider,internet_service_provider
Internet shop,internet_shop
Internist,internist
Investment bank,investment_bank
Investment company,investment_company
Investment service,investment_service
Invitation printing service,invitation_printing_service
Irish goods store,irish_goods_store
Irish pub,irish_pub
Irish restaurant,irish_restaurant
Iron steel contractor,iron_steel_contractor
Iron ware dealer,iron_ware_dealer
Iron works,iron_works
Irrigation equipment supplier,irrigation_equipment_supplier
Israeli restaurant,israeli_restaurant
Isuzu dealer,isuzu_dealer
Italian grocery store,italian_grocery_store
Italian restaurant,italian_restaurant
Izakaya restaurant,japanese_izakaya_restaurant
Jaguar dealer,jaguar_dealer
Jain temple,jain_temple
Jamaican restaurant,jamaican_restaurant
Janitorial equipment supplier,janitorial_equipment_supplier
Janitorial service,janitorial_service
Japanese cheap sweets shop,japanese_cheap_sweets_shop
Japanese confectionery shop,japanese_confectionery_shop
Japanese curry restaurant,japanese_curry_restaurant
Japanese delicatessen,japanese_delicatessen
Japanese grocery store,japanese_grocery_store
Japanese language instructor,japanese_language_instructor
Japanese prefecture government office,prefecture_government_office
Japanese regional restaurant,japanese_regional_restaurant
Japanese restaurant,japanese_restaurant
Japanese steakhouse,japanese_steakhouse
Japanese sweets restaurant,japanese_sweets_restaurant
Japanized western restaurant,japanized_western_food_restaurant
Javanese restaurant,javanese_restaurant
Jazz club,jazz_club
Jeans shop,denim_wear_store
Jeep dealer,jeep_dealer
Jehovah's Witness Kingdom Hall,jehovahs_witness_church
Jeweler,jeweler
Jewelry appraiser,jewelry_appraiser
Jewelry buyer,jewelry_buyer
Jewelry designer,jewelry_designer
Jewelry engraver,jewelry_engraver
Jewelry equipment supplier,jewelry_equipment_supplier
Jewelry exporter,jewelry_exporter
Jewelry manufacturer,jewelry_manufacturer
Jewelry repair service,jewelry_repair_service
Jewelry store,jewelry_store
Jewish restaurant,jewish_restaurant
Jiangsu restaurant,jiang_su_restaurant
Joiner,joiner
Judaica store,judaica_store
Judicial auction,judicial_auction
Judicial scrivener,judicial_scrivener
Judo club,judo_club
Judo school,judo_school
Juice shop,juice_shop
Jujitsu school,jujitsu_school
Junior college,junior_college
Junk dealer,junk_dealer
Junk removal service,junk_removal_service
Junk store,junk_store
Junkyard,junkyard
Justice department,justice_department
Jute exporter,jute_exporter
Jute mill,jute_mill
Juvenile detention center,juvenile_detention_center
Kabaddi club,kabaddi_club
Kaiseki restaurant,kaiseki_restaurant
Kalle pache restaurant,kalle_pache_restaurant
Karaoke,karaoke
Karaoke bar,karaoke_bar
Karaoke equipment rental service,karaoke_equipment_rental_service
Karate club,karate_club
Karate school,karate_school
Karma dealer,karma_dealer
Karnataka restaurant,karnataka_restaurant
Kashmiri restaurant,kashmiri_restaurant
Katsudon restaurant,pork_cutlet_rice_bowl_restaurant
Kawasaki motorcycle dealer,kawasaki_motorcycle_dealer
Kazakhstani restaurant,kazakhstani_restaurant
Kebab shop,kebab_shop
Kennel,kennel
Kerala restaurant,kerala_restaurant
Kerosene supplier,kerosene_supplier
Key duplication service,key_duplication_service
Kia dealer,kia_dealer
Kickboxing school,kickboxing_school
Kilt shop and hire,kilt_shop_and_hire
Kimono store,kimono_store
Kindergarten,kindergarten
Kinesiologist,kinesiologist
Kinesiotherapist,kinesiotherapist
Kiosk,kiosk
Kitchen furniture store,kitchen_furniture_store
Kitchen remodeler,kitchen_remodeler
Kitchen supply store,kitchen_supply_store
Kite shop,kite_shop
Knife manufacturing,knife_manufacturing
Knife store,knife_store
Knit shop,knit_shop
Knitting instructor,knitting_instructor
Knitwear manufacturer,knitwear_manufacturer
Kofta restaurant,kofta_restaurant
Konkani restaurant,konkani_restaurant
Korean barbecue restaurant,korean_barbecue_restaurant
Korean beef restaurant,korean_beef_restaurant
Korean church,korean_church
Korean grocery store,korean_grocery_store
Korean restaurant,korean_restaurant
Korean rib restaurant,korean_rib_restaurant
Koshari restaurant,koshari_restaurant
Kosher grocery store,kosher_grocery_store
Kosher restaurant,kosher_restaurant
Kung fu school,kung_fu_school
Kushiage and kushikatsu restaurant,skewer_deep_frying
Kushiyaki restaurant,kushiyaki_restaurant
Kyoto style Japanese restaurant,kyoto_cuisine_restaurant
LPG conversion,lpg_conversion
Labor relations attorney,labor_relations_attorney
Labor union,labor_union
Laboratory,laboratory
Laboratory equipment supplier,laboratory_equipment_supplier
Ladder supplier,ladder_supplier
Lamborghini dealer,lamborghini_dealer
Laminating equipment supplier,laminating_equipment_supplier
Lamination service,lamination_service
Lamp repair service,lamp_repair_service
Lamp shade supplier,lamp_shade_supplier
Lancia dealer,lancia_dealer
Land Rover dealer,land_rover_dealer
Land allotment,land_allotment
Land planning authority,land_planning_authority
Land reform institute,land_reform_institute
Land registry office,property_registry
Land surveying office,land_surveying_office
Land surveyor,land_surveyor
Landscape architect,landscape_architect
Landscape designer,landscape_designer
Landscape lighting designer,landscape_lighting_designer
Landscaper,landscaper
Landscaping supply store,landscaping_supply_store
Language school,language_school
Laotian restaurant,laotian_restaurant
Lapidary,lapidary
Laser cutting service,laser_cutting_service
Laser equipment supplier,laser_equipment_supplier
Laser hair removal service,laser_hair_removal_service
Laser tag center,laser_tag_center
Lasik surgeon,lasik_surgeon
Latin American restaurant,latin_american_restaurant
Laundromat,laundromat
Laundry,laundry
Laundry service,laundry_service
Law book store,law_book_store
Law firm,law_firm
Law library,law_library
Law school,law_school
Lawn bowls club,lawn_bowls_club
Lawn care service,lawn_care_service
Lawn equipment rental service,lawn_equipment_rental_service
Lawn irrigation equipment supplier,lawn_irrigation_equipment_supplier
Lawn mower repair service,lawn_mower_repair_service
Lawn mower store,lawn_mower_store
Lawn sprinkler system contractor,lawn_sprinkler_system_contractor
Lawyer,lawyer
Lawyers association,lawyers_association
Leagues club,leagues_club
Learner driver training area,learner_driver_training_area
Learning center,learning_center
Leasing service,leasing_service
Leather cleaning service,leather_cleaning_service
Leather coats store,leather_coats_store
Leather exporter,leather_exporter
Leather goods manufacturer,leather_goods_manufacturer
Leather goods store,leather_goods_store
Leather goods supplier,leather_goods_supplier
Leather goods wholesaler,leather_goods_wholesaler
Leather repair service,leather_repair_service
Leather wholesaler,leather_wholesaler
Lebanese restaurant,lebanese_restaurant
Lechon restaurant,lechon_restaurant
Legal affairs bureau,legal_affairs_bureau
Legal aid office,legal_aid_office
Legal services,legal_services
Leisure centre,leisurecentre
Lesbian bar,lesbian_bar
Lexus dealer,lexus_dealer
Library,library
License bureau,license_bureau
License plate frames supplier,license_plate_frames_supplier
Lido,lido
Life coach,life_coach
Life insurance agency,life_insurance_agency
Light bulb supplier,light_bulb_supplier
Lighting consultant,lighting_consultant
Lighting contractor,lighting_contractor
Lighting manufacturer,lighting_manufacturer
Lighting products wholesaler,lighting_wholesaler
Lighting store,lighting_store
Ligurian restaurant,ligurian_restaurant
Limousine service,limousine_service
Lincoln dealer,lincoln_mercury_dealer
Line marking service,line_marking_service
Linens store,linens_store
Lingerie manufacturer,lingerie_manufacturer
Lingerie store,lingerie_store
Lingerie wholesaler,lingerie_wholesaler
Linoleum store,linoleum_store
Liquidator,liquidator
Liquor store,liquor_store
Literacy program,literacy_program
Lithuanian restaurant,lithuanian_restaurant
Little league club,little_league_club
Little league field,little_league_field
Live music bar,live_music_bar
Live music venue,live_music_venue
Livery company,livery_company
Livestock auction house,livestock_auction_house
Livestock breeder,livestock_breeder
Livestock dealer,livestock_dealer
Livestock producer,livestock_producer
Loan agency,loan_agency
Local government office,local_government_office
Local history museum,local_history_museum
Local medical services,local_medical_services
Lock Store,lock_store
Locks supplier,locks_supplier
Locksmith,locksmith
Lodge,lodge
Lodging,lodging
Log cabins,log_cabins
Log home builder,log_home_builder
Logging contractor,logging_contractor
Logistics service,logistics_service
Lombardian restaurant,lombardian_restaurant
Loss adjuster,loss_adjuster
Lost property office,lost_property_office
Lottery retailer,lottery_retailer
Lottery shop,lottery_shop
Lounge,lounge
Love hotel,love_hotel
Low income housing program,low_income_housing_program
Luggage repair service,luggage_repair_service
Luggage storage facility,luggage_storage_facility
Luggage store,luggage_store
Luggage wholesaler,luggage_wholesaler
Lumber store,lumber_store
Lunch restaurant,lunch_restaurant
Lutheran church,lutheran_church
Lyceum,lyceum
Lymph drainage therapist,lymph_drainage
MG dealer,mg_dealer
MINI dealer,mini_dealer
MRI center,mri_center
Machine construction,machine_construction
Machine knife supplier,machine_knife_supplier
Machine maintenance service,machine_maintenance
Machine repair service,machine_repair_service
Machine shop,machine_shop
Machine workshop,machine_workshop
Machinery parts manufacturer,machinery_parts_manufacturer
Machining manufacturer,machining_manufacturer
Macrobiotic restaurant,macrobiotic_restaurant
Madrilian restaurant,madrilian_restaurant
Magazine store,magazine_store
Magic store,magic_store
Magician,magician
Mahjong house,mah_jong_house
Mailbox rental service,mailbox_rental_service
Mailbox supplier,mailbox_supplier
Mailing machine supplier,mailing_machine_supplier
Mailing service,mailing_service
Main customs office,main_customs_office
Majorcan restaurant,majorcan_restaurant
Make-up artist,makeup_artist
Makerspace,makerspace
Malaysian restaurant,malaysian_restaurant
Maltese restaurant,maltese_restaurant
Mammography service,mammography_service
Manado restaurant,manado_restaurant
Management school,management_school
Mandarin restaurant,mandarin_restaurant
Manor house,manor_house
Manufactured home transporter,manufactured_home_transporter
Manufacturer,manufacturer
Maori organization,maori_organization
Map store,map_store
Mapping service,mapping_service
Marae,marae
Marathi restaurant,marathi_restaurant
Marble contractor,marble_contractor
Marble supplier,marble_supplier
Marche restaurant,marche_restaurant
Marina,marina
Marine engineer,marine_engineer
Marine self defense force,marine_self_defense_force
Marine supply store,marine_supply_store
Marine surveyor,marine_surveyor
Maritime museum,maritime_museum
Market,market
Market researcher,market_researcher
Marketing agency,marketing_agency
Marketing consultant,marketing_consultant
Markmens clubhouse,markmens_clubhouse
Marquee hire service,marquee_hire
Marriage celebrant,marriage_celebrant
Marriage license bureau,marriage_license_bureau
Marriage or relationship counselor,marriage_counselor
Martial arts club,martial_arts_club
Martial arts school,martial_arts_school
Martial arts supply store,martial_arts_supply_store
Maserati dealer,maserati_dealer
Masonic center,masonic_building
Masonry contractor,masonry_contractor
Masonry supply store,masonry_supply_store
Massage school,massage_school
Massage spa,massage_spa
Massage supply store,massage_supply_store
Massage therapist,massage_therapist
Match box manufacturer,match_box_manufacturer
Material handling equipment supplier,material_handling_equipment_supplier
Maternity hospital,maternity_hospital
Maternity store,maternity_store
Mathematics school,mathematics_school
Mattress store,mattress_store
Mausoleum builder,mausoleum_builder
Maybach dealer,maybach_dealer
Mazda dealer,mazda_dealer
McLaren dealer,mclaren_dealer
Meal delivery,meal_delivery
Measuring instruments supplier,measuring_instruments_supplier
Meat dish restaurant,meat_restaurant
Meat packer,meat_packer
Meat processor,meat_processor
Meat products store,meat_products
Meat wholesaler,meat_wholesaler
Mechanic,mechanic
Mechanical contractor,mechanical_contractor
Mechanical engineer,mechanical_engineer
Mechanical plant,mechanical_plant
Media company,media_company
Media consultant,media_consultant
Media house,media_house
Mediation service,mediation_service
Medical Center,medical_center
Medical billing service,medical_billing_service
Medical book store,medical_book_store
Medical certificate service,medical_certificate_service
Medical clinic,medical_clinic
Medical diagnostic imaging center,medical_diagnostic_imaging_center
Medical equipment manufacturer,medical_equipment_manufacturer
Medical equipment supplier,medical_equipment_supplier
Medical examiner,medical_examiner
Medical group,medical_group
Medical laboratory,medical_lab
Medical lawyer,medical_lawyer
Medical office,medical_office
Medical school,medical_school
Medical spa,medical_spa
Medical supply store,medical_supply_store
Medical technology manufacturer,medical_technology_manufacturer
Medical transcription service,medical_transcription_service
Medicine exporter,medicine_exporter
Meditation center,meditation_center
Meditation instructor,meditation_instructor
Mediterranean restaurant,mediterranean_restaurant
Meeting planning service,meeting_planning_service
Mehandi class,mehandi_class
Mehndi designer,mehndi_designer
Memorial estate,memorial_estate
Memorial park,memorial_park
Men's clothing store,mens_clothing_store
Men's health physician,mens_health_physician
Mennonite church,mennonite_church
Mens tailor,mens_tailor
Mental health clinic,mental_health_clinic
Mental health service,mental_health_service
Mercantile development,mercantile_development
Mercedes-Benz dealer,mercedes_benz_dealer
Messianic synagogue,messianic_synagogue
Metal construction company,metal_construction_company
Metal detecting equipment supplier,metal_detecting_equipment_supplier
Metal fabricator,metal_fabricator
Metal finisher,metal_finisher
Metal heat treating service,metal_heat_treating_service
Metal industry suppliers,metal_industry_suppliers
Metal machinery supplier,metal_machinery_supplier
Metal polishing service,metal_polishing_service
Metal processing company,metal_processing_company
Metal stamping service,metal_stamping_service
Metal supplier,metal_supplier
Metal working shop,metal_working_shop
Metal workshop,metal_workshop
Metallurgy company,metallurgy_company
Metalware dealer,metalware_dealer
Metalware producer,metalware_producer
Metaphysical supply store,metaphysical_supply_store
Methodist church,methodist_church
Metropolitan train company,metropolitan_train_company
Mexican goods store,mexican_goods_store
Mexican grocery store,mexican_grocery_store
Mexican restaurant,mexican_restaurant
Mexican torta restaurant,mexican_torta_restaurant
Meyhane,meyhane
Microwave oven repair service,microwave_oven_repair_service
Mid-Atlantic restaurant (US),mid_atlantic_us_restaurant
Middle Eastern restaurant,middle_eastern_restaurant
Middle school,middle_school
Midwife,midwife
Military archive,militar_archive
Military barracks,military_barrack
Military base,military_base
Military board,military_board
Military cemetery,military_cemetery
Military hospital,military_hospital
Military recruiting office,military_recruiting_office
Military residence,militar_residence
Military school,military_school
Milk delivery service,milk_delivery_service
Mill,mill
Millwork shop,millwork_shop
Mine,mine
Mineral water company,mineral_water_company
Mineral water wholesaler,mineral_water_wholesale
Miniature golf course,miniature_golf_course
Miniatures store,miniatures_store
Minibus taxi service,minibus_taxi_service
Mining company,mining_company
Mining consultant,mining_consultant
Mining engineer,mining_engineer
Mining equipment,mining_equipment
Ministry of Education,ministry_of_education
Mirror shop,mirror_shop
Miso cutlet restaurant,miso_cutlet_restaurant
Missing persons organization,missing_persons_organization
Mission,mission
Mitsubishi dealer,mitsubishi_dealer
Mobile caterer,mobile_catering
Mobile disco,mobile_disco
Mobile hairdresser,mobile_hairdresser
Mobile home dealer,mobile_home_dealer
Mobile home park,mobile_home_park
Mobile home rental agency,mobile_home_rental_agency
Mobile home supply store,mobile_home_supply_store
Mobile money agent,mobile_money_agent
Mobile network operator,mobile_network_operator
Mobile phone repair shop,mobile_phone_repair_shop
Mobility equipment supplier,mobility_equipment_supplier
Model car play area,model_car_play_area
Model design company,model_design_company
Model portfolio studio,model_portfolio_studio
Model shop,scale_model_shop
Model train store,model_train_store
Modeling agency,modeling_agency
Modeling school,modeling_school
Modern British restaurant,modern_british_restaurant
Modern European restaurant,modern_european_restaurant
Modern French restaurant,modern_french_restaurant
Modern Indian restaurant,modern_indian_restaurant
Modern art museum,modern_art_museum
Modern izakaya restaurant,mordern_izakaya_restaurants
Modular home builder,modular_home_builder
Modular home dealer,modular_home_dealer
Mohel,mohel
Mold maker,mold_maker
Molding supplier,molding_supplier
Momo restaurant,momo_restaurant
Monastery,monastery
Money order service,money_order_service
Money transfer service,money_transfer_service
Mongolian barbecue restaurant,mongolian_barbecue_restaurant
Monjayaki restaurant,monja_restaurant
Monogramming service,monogramming_service
Montessori school,montessori_school
Monument maker,monument_maker
Moped dealer,moped_dealer
Moravian church,moravian_church
Moroccan restaurant,moroccan_restaurant
Mortgage broker,mortgage_broker
Mortgage lender,mortgage_lender
Mortuary,mortuary
Mosque,mosque
Motel,motel
Motor scooter dealer,motor_scooter_dealer
Motor scooter repair shop,motor_scooter_repair_shop
Motor vehicle dealer,motor_vehicle_dealer
Motorcycle dealer,motorcycle_dealer
Motorcycle driving school,motorcycle_driving_school
Motorcycle insurance agency,motorcycle_insurance_agency
Motorcycle parts store,motorcycle_parts_store
Motorcycle rental agency,motorcycle_rental_agency
Motorcycle repair shop,motorcycle_repair_shop
Motorcycle shop,motorcycle_shop
Motoring club,motoring_club
Motorsports store,motorsports_store
Mountain cabin,mountain_hut
Mountain cable car,mountain_cable_car
Mountaineering class,mountaineering_class
Movie rental kiosk,movie_rental_kiosk
Movie rental store,movie_rental_store
Movie studio,movie_studio
Movie theater,movie_theater
Moving and storage service,moving_and_storage_service
Moving company,moving_company
Moving supply store,moving_supply_store
Muay Thai boxing gym,muay_thai_boxing_gym
Muffler shop,muffler_shop
Mughlai restaurant,mughlai_restaurant
Mulch supplier,mulch_supplier
Multimedia and electronic book publisher,multimedia_and_electronic_book_publisher
Municipal Department Agricultural Development,municipal_department_agricultural_development
Municipal Department Civil Defense,municipal_department_civil_defense
Municipal Department Communication,municipal_department_communication
Municipal Department Finance,municipal_department_finance
Municipal Department Housing and Urban Development,municipal_department_housing_and_urban_development
Municipal Department Science Technology,municipal_department_science_technology
Municipal Department Social Defense,municipal_department_social_defense
Municipal Department of Culture,municipal_department_of_culture
Municipal Department of Sports,municipal_department_of_sports
Municipal Department of Tourism,municipal_department_of_tourism
Municipal Guard,municipal_guard
Municipal Social Development,municipal_social_development
Municipal administration office,municipal_administration_office
Municipal corporation,municipal_corporation
Municipal department of agriculture food supply,municipal_department_agriculture_food_supply
Municipal health department,municipal_health_department
Municipal office education,municipal_office_education
Murtabak restaurant,murtabak_restaurant
Musalla,musalla
Museum,museum
Museum of space history,museum_of_space_history
Museum of zoology,museum_of_zoology
Music box store,music_box_store
Music college,music_college
Music conservatory,music_conservatory
Music instructor,music_instructor
Music management and promotion,music_management_and_promotion
Music producer,music_producer
Music publisher,music_publisher
Music school,music_school
Music store,music_store
Musical club,musical_club
Musical instrument manufacturer,musical_instrument_manufacturer
Musical instrument rental service,musical_instrument_rental_service
Musical instrument repair shop,musical_instrument_repair_shop
Musical instrument store,musical_instrument_store
Musician,musician
Mutton barbecue restaurant,mutton_barbecue_restaurant
Nail salon,nail_salon
Nanotechnology engineering service,nanotechnology_engineer
Nasi goreng restaurant,nasi_goreng_restaurant
Nasi restaurant,nasi_restaurant
Nasi uduk restaurant,nasi_uduk_restaurant
National forest,national_forest
National health foundation,national_health_foundation
National library,national_library
National museum,national_museum
National park,national_park
National reserve,national_reserve
Native American restaurant,native_american_restaurant
Native american goods store,native_american_goods_store
Natural goods store,natural_foods_store
Natural history museum,natural_history_museum
Natural rock climbing area,natural_rock_climbing_area
Natural stone exporter,natural_stone_exporter
Natural stone supplier,natural_stone_supplier
Natural stone wholesaler,natural_stone_wholesaler
Nature preserve,nature_preserve
Naturopathic practitioner,naturopathic_practitioner
Naval base,naval_base
Navarraise restaurant,navarraise_restaurant
Neapolitan restaurant,neapolitan_restaurant
Needlework shop,needlework_shop
Neon sign shop,neon_sign_shop
Neonatal physician,neonatal_physician
Nepalese restaurant,nepalese_restaurant
Nephrologist,nephrologist
Netball club,netball_club
Neurologist,neurologist
Neurophysiologist,neurophysiologist
Neurosurgeon,neurosurgeon
New Age church,new_age_church
New American restaurant,new_us_american_restaurant
New England restaurant,new_england_restaurant
New Zealand restaurant,new_zealand_restaurant
News service,news_service
Newspaper advertising department,newspaper_advertising_department
Newspaper distribution service,newspaper_distribution
Newspaper publisher,newspaper_publisher
Newsstand,newsstand
Nicaraguan restaurant,nicaraguan_restaurant
Night club,night_club
Night market,night_market
Nissan dealer,nissan_dealer
Non smoking holiday home,non_smoking_holiday_home
Non vegetarian restaurant,non_vegetarian_restaurant
Non-denominational church,non_denominational_church
Non-governmental organization,non_governmental_organization
Non-profit organization,non_profit_organization
Noodle shop,noodle_shop
North African restaurant,north_african_restaurant
North Eastern Indian restaurant,north_eastern_indian_restaurant
North Indian restaurant,north_indian_restaurant
Northern Italian restaurant,northern_italian_restaurant
Norwegian restaurant,norwegian_restaurant
Notaries association,notaries_association
Notary public,notary_public
Notions store,notions_store
Novelties wholesaler,novelties_wholesaler
Novelty store,novelty_store
Nuclear engineering service,nuclear_engineer
Nuclear power company,nuclear_power_company
Nuclear power plant,nuclear_power_plant
Nudist club,nudist_club
Nudist park,nudist_park
Nuevo Latino restaurant,nuevo_latino_restaurant
Numerologist,numerologist
Nurse practitioner,nurse_practitioner
Nursery school,nursery_school
Nursing agency,nursing_agency
Nursing association,nursing_association
Nursing home,nursing_home
Nursing school,nursing_school
Nut store,nut_store
Nutritionist,nutritionist
Nyonya restaurant,nyonya_restaurant
Oaxacan restaurant,oaxacan_restaurant
Obanzai restaurant,obanzai_cuisine
Observation deck,observation_deck
Observatory,observatory
Obstetrician-gynecologist,gynecologist
Occupational health service,occupational_health_service
Occupational medical physician,occupational_medical_physician
Occupational safety and health,occupational_safety_and_health
Occupational therapist,occupational_therapist
Oden restaurant,oden_restaurant
Odia restaurant,odia_restaurant
Off roading area,off_roading_area
Off track betting shop,off_track_betting_shop
Off-road race track,off_road_race_track
Offal barbecue restaurant,guts_barbecue_restaurant
Offal pot cooking restaurant,offal_pot_cooking
Office accessories wholesaler,office_accessories_wholesaler
Office equipment rental service,office_equipment_rental_service
Office equipment repair service,office_equipment_repair_service
Office equipment supplier,office_equipment_supplier
Office furniture store,office_furniture_store
Office of Vital Records,office_of_vital_records
Office of a fair trade organization,fair_trade_organization
Office refurbishment service,office_refurbishment_service
Office space rental agency,office_space_rental_agency
Office supply store,office_supply_store
Office supply wholesaler,office_supply_wholesaler
Oil & natural gas company,oil_company
Oil and gas exploration service,oil_and_gas_exploration_service
Oil change service,oil_change_service
Oil field equipment supplier,oil_field_equipment_supplier
Oil refinery,oil_refinery
Oil store,oil_store
Oil wholesaler,oil_wholesaler
Oilfield,oilfield
Okonomiyaki restaurant,okonomiyaki_restaurant
Oldsmobile dealer,oldsmobile_dealer
Olive oil bottling company,olive_oil_bottling_company
Olive oil cooperative,olive_oil_cooperative
Olive oil manufacturer,olive_oil_manufacturer
Oncologist,oncologist
Onsen,onsen
Opel dealer,opel_dealer
Open air museum,open_air_museum
Open university,open_university
Opera company,opera_company
Opera house,opera_house
Ophthalmologist,ophthalmologist
Ophthalmology clinic,ophthalmology_clinic
Optical instrument repair service,optical_instrument_repair_service
Optical products manufacturer,optical_products_manufacturer
Optical wholesaler,optical_wholesaler
Optician,optician
Optometrist,optometrist
Oral and maxillofacial surgeon,oral_maxillofacial_surgeon
Oral surgeon,oral_surgeon
Orchard,orchard
Orchestra,orchestra
Orchid farm,orchid_farm
Orchid grower,orchid_grower
Organ donation and tissue bank,organ_donation_and_tissue_bank
Organic drug store,organic_drug_store
Organic farm,organic_farm
Organic food store,organic_food_store
Organic restaurant,organic_restaurant
Organic shop,organic_store
Oriental goods store,oriental_goods_store
Oriental medicine clinic,oriental_medicine_clinic
Oriental medicine store,oriental_medicine_store
Oriental rug store,oriental_rug_store
Orphan asylum,orphan_asylum
Orphanage,orphanage
Orthodontist,orthodontist
Orthodox church,orthodox_church
Orthodox synagogue,orthodox_synagogue
Orthopedic clinic,orthopedic_clinic
Orthopedic shoe store,orthopedic_shoe_store
Orthopedic surgeon,orthopedic_surgeon
Orthoptist,orthoptist
Orthotics & prosthetics service,orthotics_and_prosthetics_service
Osteopath,osteopath
Otolaryngologist,otolaryngologist
Otolaryngology clinic,otolaryngology_clinic
Outboard motor store,outboard_motor_store
Outdoor activity organiser,outdoor_activity_organizer
Outdoor bath,outdoor_bath
Outdoor clothing and equipment shop,outdoor_clothing_and_equipment_shop
Outdoor equestrian facility,outdoor_equestrian_facility
Outdoor furniture store,outdoor_furniture_store
Outdoor movie theater,outdoor_movie_theatre
Outdoor sports store,outdoor_sports_store
Outdoor swimming pool,outdoor_swimming_pool
Outerwear store,outerwear_store
Outlet mall,outlet_mall
Outlet store,outlet_store
Oxygen cocktail spot,oxygen_cocktail_spot
Oxygen equipment supplier,oxygen_equipment_supplier
Oyster bar restaurant,oyster_bar_restaurant
Oyster supplier,oyster_supplier
PVC industry,pvc_industry
PVC windows supplier,pvc_windows_supplier
Paan shop,paan_shop
Pachinko parlor,pachinko
Pacific Northwest restaurant (Canada),canadian_pacific_northwest_restaurant
Pacific Northwest restaurant (US),us_pacific_northwest_restaurant
Pacific Rim restaurant,pacific_rim_restaurant
Package locker,package_locker
Packaging company,packaging_company
Packaging machinery,packaging_machinery
Packaging supply store,packaging_supply_store
Padang restaurant,padang_restaurant
Padel club,padel_club
Padel court,padel_court
Pagoda,pagoda
Pain control clinic,pain_control_clinic
Pain management physician,pain_management_physician
Paint manufacturer,paint_manufacturer
Paint store,paint_store
Paint stripping service,paint_stripping_company
Paintball center,paintball_center
Paintball store,paintball_store
Painter,painter
Painting,painting
Painting lessons,painting_lessons
Painting studio,painting_studio
Paintings store,paintings_store
Paisa restaurant,paisa_restaurant
Pakistani restaurant,pakistani_restaurant
Palatine restaurant,palatine_restaurant
Pallet supplier,pallet_supplier
Pan-Asian restaurant,pan_asian_restaurant
Pan-Latin restaurant,pan_latin_restaurant
Pancake restaurant,pancake_house
Panipuri shop,panipuri_shop
Paper bag supplier,paper_bag_supplier
Paper distributor,paper_distributor
Paper exporter,paper_exporter
Paper mill,paper_mill
Paper shredding machine supplier,paper_shredding_machine_supplier
Paper store,paper_store
Paraguayan restaurant,paraguayan_restaurant
Paralegal services provider,paralegal_services_provider
Parapharmacy,parapharmacy
Parasailing ride operator,parasailing_ride_service
Parish,parish
Park,park
Park & ride,park_and_ride
Parking garage,parking_garage
Parking lot,parking_lot
Parking lot for bicycles,parking_lot_for_bicycles
Parking lot for motorcycles,parking_lot_for_motorcycle
Parkour spot,parkour_spot
Parochial school,parochial_school
Parsi restaurant,parsi_restaurant
Parsi temple,parsi_temple
Part time daycare,part_time_daycare
Party equipment rental service,party_equipment_rental_service
Party planner,party_planner
Party store,party_store
Passport agent,passport_agent
Passport office,passport_office
Passport photo processor,passport_photo_processor
Pasta shop,pasta_shop
Pastry shop,pastry_shop
Patent attorney,patent_attorney
Patent office,patent_office
Paternity testing service,paternity_testing_service
Pathologist,pathologist
Patients support association,patients_support_association
Patio enclosure supplier,patio_enclosure_supplier
Patisserie,patisserie
Paving contractor,paving_contractor
Paving materials supplier,paving_materials_supplier
Pawn shop,pawn_shop
Pay by weight restaurant,pay_by_weight_restaurant
Payment terminal,payment_terminal
Payroll service,payroll_service
Pecel lele restaurant,pecel_lele_restaurant
Pediatric cardiologist,pediatric_cardiologist
Pediatric dentist,pediatric_dentist
Pediatric dermatologist,pediatric_dermatologist
Pediatric endocrinologist,pediatric_endocrinologist
Pediatric gastroenterologist,pediatric_gastroenterologist
Pediatric hematologist,pediatric_hematologist
Pediatric nephrologist,pediatric_nephrologist
Pediatric neurologist,pediatric_neurologist
Pediatric oncologist,pediatric_oncologist
Pediatric ophthalmologist,pediatric_ophthalmologist
Pediatric orthopedic surgeon,pediatric_orthopedic_surgeon
Pediatric pulmonologist,pediatric_pulmonologist
Pediatric rheumatologist,pediatric_rheumatologist
Pediatric surgeon,pediatric_surgeon
Pediatric urologist,pediatric_urologist
Pediatrician,pediatrician
Pempek restaurant,pempek_restaurant
Pen store,pen_store
Pennsylvania Dutch restaurant,pennsylvania_dutch_restaurant
Pension office,pension_office
Pentecostal church,pentecostal_church
Performing arts group,performing_arts_group
Performing arts theater,performing_arts_theater
Perfume store,perfume_store
Perinatal center,perinatal_center
Periodontist,periodontist
Permanent make-up clinic,permanent_make_up_clinic
Persian restaurant,persian_restaurant
Personal injury attorney,personal_injury_lawyer
Personal trainer,personal_trainer
Personal watercraft dealer,personal_watercraft_dealer
Peruvian restaurant,peruvian_restaurant
Pest control service,pest_control_service
Pet adoption service,pet_adoption_service
Pet boarding service,pet_boarding_service
Pet cemetery,pet_cemetery
Pet friendly accommodation,pet_friendly_accommodation
Pet funeral service,pet_funeral_services
Pet groomer,pet_groomer
Pet moving service,pet_moving_service
Pet sitter,pet_sitter
Pet store,pet_store
Pet supply store,pet_supply_store
Pet trainer,pet_trainer
Petrochemical engineering service,petrochemical_engineer
Petroleum products company,petroleum_products_company
Peugeot dealer,peugeot_dealer
Pharmaceutical company,pharmaceutical_company
Pharmaceutical lab,pharmaceutical_lab
Pharmaceutical products wholesaler,pharmaceutical_products_wholesaler
Pharmacy,pharmacy
Philharmonic hall,philharmonic_hall
Pho restaurant,pho_restaurant
Phone repair service,phone_repair_service
Photo agency,photo_agency
Photo booth,photo_booth
Photo lab,photo_lab
Photo restoration service,photo_restoration_service
Photo shop,photo_shop
Photocopiers supplier,photocopiers_supplier
Photographer,photographer
Photography class,photography_class
Photography school,photography_school
Photography service,photography_service
Photography studio,photography_studio
Physiatrist,physiatrist
Physical examination center,physical_examination_center
Physical fitness program,physical_fitness_program
Physical therapist,physiotherapist
Physical therapy clinic,physiotherapy_center
Physician assistant,physician_assistant
Physician referral service,physician_referral_service
Physiotherapy equipment supplier,physiotherapy_equip_supplier
Piano bar,piano_bar
Piano instructor,piano_instructor
Piano maker,piano_maker
Piano moving service,piano_moving_service
Piano repair service,piano_repair_service
Piano store,piano_store
Piano tuning service,piano_tuning_service
Pick your own farm produce,pick_your_own_farm_produce
Pickleball court,pickleball_court
Picnic ground,picnic_ground
Picture frame shop,picture_frame_shop
Pie shop,pie_shop
Piedmontese restaurant,piedmontese_restaurant
Pig farm,pig_farm
Pilaf restaurant,pilaf_restaurant
Pilates studio,pilates_studio
Pile driving service,pile_driver
Pilgrimage place,pilgrimages_place
Pinball machine supplier,pinball_machine_supplier
Pine furniture shop,pine_furniture_shop
Pipe supplier,pipe_supplier
Pizza delivery,pizza_delivery_service
Pizza restaurant,pizza_restaurant
Pizza takeaway,pizzatakeaway
Piñatas supplier,pinatas_supplier
Place of worship,place_of_worship
Planetarium,planetarium
Plant and machinery hire,plant_and_machinery_hire
Plant nursery,plant_nursery
Plast window store,plast_window_store
Plasterer,plaster_contractor
Plastic bag supplier,plastic_bag_supplier
Plastic bags wholesaler,plastic_bags_wholesaler
Plastic fabrication company,plastic_fabrication_company
Plastic injection molding service,plastic_injection_molding_service
Plastic products supplier,plastic_products_supplier
Plastic products wholesaler,plastic_wholesaler
Plastic resin manufacturer,plastic_resin_manufacturer
Plastic surgeon,plastic_surgeon
Plastic surgery clinic,plastic_surgery_clinic
Plating service,plating_service
Play school,play_school
Playground,playground
Playground equipment supplier,playground_equipment_supplier
Playgroup,playgroup
Plumber,plumber
Plumbing supply store,plumbing_supply_store
Plus size clothing store,plus_size_clothing_store
Plywood supplier,plywood_supplier
Pneumatic tools supplier,pneumatic_tools_supplier
Podiatrist,podiatrist
Poke bar,poke_bar
Police academy,police_academy
Police supply store,police_supply_store
Polish restaurant,polish_restaurant
Political party office,political_party
Polo club,polo_club
Polygraph service,polygraph_service
Polymer supplier,polymer_supplier
Polynesian restaurant,polynesian_restaurant
Polytechnic institute,polytechnic_school
Polythene and plastic sheeting supplier,polythene_and_plastic_sheeting_supplier
Pond contractor,pond_contractor
Pond fish supplier,pond_fish_supplier
Pond supply store,pond_supply_store
Pontiac dealer,pontiac_dealer
Pony club,pony_club
Pony ride service,pony_ride_service
Pool academy,pool_academy
Pool billard club,pool_billard_club
Pool cleaning service,pool_cleaning_service
Pool hall,pool_hall
Popcorn store,popcorn_store
Porridge restaurant,porridge_restaurant
Porsche dealer,porsche_dealer
Port authority,port_authority
Port operating company,port_operating_company
Portable building manufacturer,portable_building_manufacturer
Portable toilet supplier,portable_toilet_supplier
Portrait studio,portrait_studio
Portuguese restaurant,portuguese_restaurant
Post office,post_office
Poster store,poster_store
Pottery classes,pottery_classes
Pottery manufacturer,pottery_manufacturer
Pottery store,pottery_store
Poultry farm,poultry_farm
Poultry store,poultry_store
Powder coating service,powder_coating_service
Power plant consultant,power_plant_consultant
Power plant equipment supplier,power_plant_equipment_supplier
Power station,power_plant
Powersports vehicle dealer,powersports_vehicle_dealer
Pozole restaurant,pozole_restaurant
Po’ boys restaurant,po_boys_restaurant
Prawn fishing,prawn_fishing
Pre gymnasium school,pre_gymnasium_school
Precision engineer,precision_engineer
Prefabricated house companies,prefabricated_house_companies
Pregnancy care center,pregnancy_care_center
Preparatory school,preparatory_school
Presbyterian church,presbyterian_church
Preschool,preschool
Press advisory,press_advisory
Pressure washing service,pressure_washing_service
Pretzel store,pretzel_store
Priest,priest
Primary school,primary_school
Print shop,print_shop
Printed music publisher,printed_music_publisher
Printer ink refill store,printer_ink_refill_store
Printer repair service,printer_repair_service
Printing equipment and supplies,printing_equipment_and_supplies
Printing equipment supplier,printing_equipment_supplier
Prison,prison
Private college,private_college
Private educational institution,private_school
Private equity firm,private_equity_firm
Private golf course,private_golf_course
Private hospital,private_hospital
Private investigator,private_investigator
Private sector bank,private_sector_bank
Private tutor,private_tutor
Private university,private_university
Probation office,probation_office
Process server,process_server
Proctologist,proctologist
Produce market,produce_market
Produce wholesaler,produce_wholesaler
Professional and hobby associations,professional_and_hobby_associations
Professional organizer,professional_organizer
Promotional products supplier,promotional_products_supplier
Propane supplier,propane_supplier
Propeller shop,propeller_shop
Property administration service,property_administrator
Property investment company,property_investment
Property maintenance,property_maintenance
Property management company,property_management_company
Prosthetics,prosthetics
Prosthodontist,prosthodontist
Protective clothing supplier,protective_clothing_supplier
Protestant church,protestant_church
Provence restaurant,provence_restaurant
Provincial council,provincial_council
Psychiatric hospital,psychiatric_hospital
Psychiatrist,psychiatrist
Psychic,psychic
Psychoanalyst,psychoanalyst
Psychologist,psychologist
Psychomotor therapist,psychomotor_therapist
Psychoneurological specialized clinic,psychoneurological_specialized_clinic
Psychopedagogy clinic,psychopedagogy_clinic
Psychosomatic medical practitioner,psychosomatic_medical_practitioner
Psychotherapist,psychotherapist
Pub,pub
Public bath,public_bath
Public bathroom,public_bathroom
Public defender's office,public_defenders_office
Public educational institution,public_school
Public golf course,public_golf_course
Public health department,public_health_department
Public housing,public_housing
Public library,public_library
Public medical center,public_medical_center
Public parking space,public_parking_space
Public prosecutors office,public_prosecutors_office
Public relations firm,public_relations_firm
Public safety office,public_safety_office
Public sauna,public_sauna
Public sector bank,public_sector_bank
Public swimming pool,public_swimming_pool
Public university,public_university
Public wheelchair-accessible bathroom,public_wheelchair_accessible_bathroom
Public works department,public_works_department
Publisher,publisher
Pueblan restaurant,pueblan_restaurant
Puerto Rican restaurant,puerto_rican_restaurant
Pulmonologist,pulmonologist
Pump supplier,pump_supplier
Pumpkin patch,pumpkin_patch
Punjabi restaurant,punjabi_restaurant
Puppet theater,puppet_theater
Pyrotechnician,pyrotechnician
Qing fang market place,qing_fang_market_place
Quaker church,quaker_church
Quarry,quarry
Quilt shop,quilt_shop
Québécois restaurant,quebecois_restaurant
RV dealer,rv_dealer
RV park,rv_park
RV repair shop,rv_repair_shop
RV storage facility,rv_storage_facility
RV supply store,rv_supply_store
Race car dealer,race_car_dealer
Racecourse,race_course
Racing car parts store,racing_car_parts_store
Raclette restaurant,raclette_restaurant
Racquetball club,racquetball_club
Radiator repair service,radiator_repair_service
Radiator shop,radiator_shop
Radio broadcaster,radio_broadcaster
Radiologist,radiologist
Radiotherapist,radiotherapist
Raft trip outfitter,raft_trip_outfitter
Rafting,rafting
Rail museum,rail_museum
Railing contractor,railing_contractor
Railroad company,railroad_company
Railroad contractor,railroad_contractor
Railroad equipment supplier,railroad_equipment_supplier
Railroad ties supplier,railroad_ties_supplier
Railway services,railway_services
Rainwater tank supplier,rainwater_tank_supplier
Rajasthani restaurant,rajasthani_restaurant
Ram dealer,ram_dealer
Ramen restaurant,ramen_restaurant
Ranch,ranch
Rare book store,rare_book_store
Raw food restaurant,raw_food_restaurant
Ready mix concrete supplier,ready_mix_concrete_supplier
Real estate agency,real_estate_agency
Real estate agent,real_estate_agents
Real estate appraiser,real_estate_appraiser
Real estate attorney,real_estate_attorney
Real estate auctioneer,real_estate_auctioneer
Real estate consultant,real_estate_consultant
Real estate developer,real_estate_developer
Real estate rental agency,real_estate_rental_agency
Real estate school,real_estate_school
Real estate surveyor,real_estate_surveyor
Realschule (middle-tier secondary school),realschule
Reclamation centre,reclamation_centre
Record company,record_company
Record store,record_store
Recording studio,recording_studio
Records storage facility,record_storage_facility
Recreation center,recreation_center
Recreational vehicle rental agency,rv_rental_agency
Recruiter,recruiter
Rectory,rectory
Recycling center,recycling_center
Recycling drop-off location,recycling_drop_off_location
Reenactment site,reenactment_site
Reflexologist,reflexologist
Reform synagogue,reform_synagogue
Reformed church,reformed_church
Refrigerated transport service,refrigerated_transport_service
Refrigerator repair service,refrigerator_repair_service
Refrigerator store,refrigerator_store
Refugee camp,refugee_camp
Regional airport,regional_airport
Regional council,regional_council
Regional government office,regional_government_office
Registered general nurse,registered_general_nurse
Registration office,registration_office
Registry office,registry_office
Rehabilitation center,rehabilitation_center
Reiki therapist,reiki_therapist
Religious book store,religious_book_store
Religious destination,religious_destination
Religious goods store,religious_goods_store
Religious institution,religious_institution
Religious organization,religious_organization
Religious school,religious_school
Religious statue manufacturer,idol_manufacturer
Remodeler,remodeler
Renault dealer,renault_dealer
Renter's insurance agency,renters_insurance_agency
Repair service,repair_service
Reproductive health clinic,reproductive_health_clinic
Reptile store,reptile_store
Research and product development,research_and_product_development
Research engineer,research_engineer
Research foundation,research_foundation
Research institute,research_institute
Resident registration office,resident_registration_office
Residential college,residential_college
Residents association,residents_association
Resort hotel,resort_hotel
Rest stop,rest_stop
Restaurant,restaurant
Restaurant supply store,restaurant_supply_store
Resume service,resume_service
Retail space rental agency,retail_space_rental_agency
Retaining wall supplier,retaining_wall_supplier
Retirement community,retirement_community
Retirement home,retirement_home
Retreat center,retreat_center
Rheumatologist,rheumatologist
Rice cake shop,rice_cake_shop
Rice cracker shop,rice_cracker_shop
Rice mill,rice_mill
Rice restaurant,rice_restaurant
Rice shop,rice_shop
Rice wholesaler,rice_wholesaler
River port,river_port
Road construction company,road_construction_company
Road construction machine repair service,road_construction_machine_repair_service
Road cycling,road_cycling
Road safety town,road_safety_town
Roads ports and canals engineers association,roads_ports_and_canals_engineers_association
Rock climbing,rock_climbing
Rock climbing gym,rock_climbing_centre
Rock climbing instructor,rock_climbing_instructor
Rock music club,rock_music_club
Rock shop,rock_shop
Rodeo,rodeo
Rolled metal products supplier,rolled_metal_products_supplier
Roller coaster,roller_coaster
Roller skating club,roller_skating_club
Roller skating rink,roller_skating_rink
Rolls-Royce dealer,rolls_royce_dealer
Roman restaurant,roman_restaurant
Romanian restaurant,romanian_restaurant
Roofing contractor,roofing_contractor
Roofing supply store,roofing_supply_store
Roommate referral service,roommate_referral_service
Rowing area,rowing_area
Rowing club,rowing_club
Rsl club,rsl_club
Rubber products supplier,rubber_products_supplier
Rubber stamp store,rubber_stamp_store
Rug store,rug_store
Rugby,rugby
Rugby club,rugby_club
Rugby field,rugby_field
Rugby league club,rugby_league_club
Rugby store,rugby_store
Running store,running_store
Russian Orthodox church,russian_orthodox_church
Russian grocery store,russian_grocery_store
Russian restaurant,russian_restaurant
Rustic furniture store,rustic_furniture_store
Ryotei restaurant,japanese_high_quality_restaurant
SCUBA instructor,scuba_instructor
SCUBA tour agency,scuba_tour_agency
STD clinic,std_clinic
STD testing service,std_testing_service
Saab dealer,saab_dealer
Sacem,sacem
Saddlery,saddlery
Safe & vault shop,safe_and_vault_shop
Safety equipment supplier,safety_equipment_supplier
Sailing club,sailing_club
Sailing event area,sailing_event_area
Sailing school,sailing_school
Sailmaker,sailmaker
Sake brewery,sake_brewery
Salad shop,salad_shop
Salsa bar,salsa_bar
Salsa classes,salsa_classes
Salvadoran restaurant,salvadoran_restaurant
Salvage dealer,salvage_dealer
Salvage yard,salvage_yard
Samba school,samba_school
Sambo school,sambo_school
Sambodrome,sambodrome
Sand & gravel supplier,sand_and_gravel_supplier
Sand plant,sand_plant
Sandblasting service,sandblasting_service
Sandwich shop,sandwich_shop
Sanitary inspection,sanitary_inspection
Sanitation service,sanitation_service
Sardinian restaurant,sardinian_restaurant
Saree Shop,saree_shop
Satay restaurant,satay_restaurant
Satellite communication service,satellite_communication_service
Saturn dealer,saturn_dealer
Sauna,sauna
Sauna club,sauna_club
Sauna store,sauna_store
Savings bank,savings_bank
Saw mill,saw_mill
Saw sharpening service,saw_sharpening_service
Scaffolding rental service,scaffolding_rental_service
Scaffolding service,scaffolder
Scale model club,scale_model_club
Scale repair service,scale_repair_service
Scale supplier,scale_supplier
Scandinavian restaurant,scandinavian_restaurant
Scenic spot,scenic_spot
Scenography company,scenography_company
School,school
School administrator,school_administrator
School bus service,school_bus_service
School center,school_center
School district office,school_district_office
School for the deaf,school_for_the_deaf
School for the visually impaired,blind_school
School house,school_house
School lunch center,school_lunch_center
School supply store,school_supply_store
Science academy,science_academy
Science museum,science_museum
Scientific equipment supplier,scientific_equipment_supplier
Scooter rental service,scooter_rental_service
Scooter repair shop,scooter_repair_shop
Scottish restaurant,scottish_restaurant
Scout hall,scout_hall
Scout home,scout_home
Scouting,scouting
Scrap metal dealer,scrap_metal_dealer
Scrapbooking store,scrapbooking_store
Screen printer,screen_printer
Screen printing shop,screen_printing_shop
Screen printing supply store,screen_printing_supply_store
Screen repair service,screen_repair_service
Screen store,screen_store
Screw supplier,screw_supplier
Sculptor,sculptor
Sculpture,sculpture
Sculpture museum,sculpture_museum
Seafood donburi restaurant,seafood_donburi
Seafood farm,seafood_farm
Seafood market,seafood_market
Seafood restaurant,seafood_restaurant
Seafood wholesaler,seafood_wholesaler
Seal shop,seal_shop
Seaplane base,seaplane_base
Seasonal goods store,seasonal_goods_store
Seat dealer,seat_dealer
Seblak restaurant,seblak_restaurant
Second hand store,second_hand_shop
Secondary school,secondary_school
Secondary school (Germany),secondary_school_three
Security guard service,security_guard_service
Security service,security_service
Security system installation service,security_system_installer
Security system supplier,security_system_supplier
Seed supplier,seed_supplier
Seitai,seitai
Self defense school,self_defense_school
Self service car wash,self_service_car_wash
Self service health station,self_service_health_station
Self service restaurant,self_service_restaurant
Self-storage facility,self_storage_facility
Semi conductor supplier,semi_conductor_supplier
Seminary,seminary
Senior citizen center,senior_citizen_center
Senior high school,senior_high_school
Septic system service,septic_system_service
Serbian restaurant,serbian_restaurant
Serviced accommodation,serviced_accommodation
Serviced apartment,serviced_apartment
Seventh-day Adventist church,seventh_day_adventist_church
Sewage disposal service,sewage_disposal_service
Sewage treatment plant,sewage_treatment_plant
Sewing company,sewing_company
Sewing machine repair service,sewing_machine_repair_service
Sewing machine store,sewing_machine_store
Sewing shop,sewing_shop
Sexologist,sexologist
Seychelles restaurant,seychelles_restaurant
Sfiha restaurant,sfiha_restaurant
Shabu-shabu restaurant,shabu_shabu_restaurant
Shandong restaurant,shan_dong_restaurant
Shanghainese restaurant,shanghainese_restaurant
Shared-use commercial kitchen,shared_use_commercial_kitchen
Sharpening service,sharpening_service
Shawarma restaurant,shawarma_restaurant
Shed builder,shed_builder
Sheep shearer,sheep_shearer
Sheepskin and wool products supplier,sheepskin_and_wool_products_supplier
Sheepskin coat store,sheepskin_coat_store
Sheet metal contractor,sheet_metal_contractor
Sheet music store,sheet_music_store
Shelter,shelter
Sheltered housing,sheltered_housing
Shelving store,shelving_store
Sheriff's department,sheriffs_department
Shinkin bank,shinkin_bank
Shinto shrine,shinto_shrine
Shipbuilding and repair company,shipbuilding_and_repair_company
Shipping and mailing service,shipping_and_mailing_service
Shipping company,shipping_company
Shipping equipment industry,shipping_equipment_industry
Shipping service,shipping_service
Shipyard,shipyard
Shochu brewery,shochu_brewery
Shoe factory,shoe_factory
Shoe repair shop,shoe_repair_shop
Shoe shining service,shoe_shining_service
Shoe store,shoe_store
Shogi lesson,shogi_lesson
Shooting event area,shooting_event_area
Shooting range,shooting_range
Shop supermarket furniture store,shop_supermarket_furniture_store
Shopfitter,shopfitter
Shopping mall,shopping_center
Short term apartment rental agency,short_term_apartment_rental_agency
Shower door shop,shower_door_shop
Shredding service,shredding_service
Shrimp farm,shrimp_farm
Shrine,shrine
Sichuan restaurant,sichuan_restaurant
Sicilian restaurant,sicilian_restaurant
Siding contractor,siding_contractor
Sightseeing tour agency,sightseeing_tour_agency
Sign shop,sign_shop
Silk plant shop,silk_plant_shop
Silk store,silk_store
Silversmith,silversmith
Singaporean restaurant,singaporean_restaurant
Singing telegram service,singing_telegram_service
Single sex secondary school,single_sex_secondary_school
Singles organization,singles_organization
Sixth form college,sixth_form_college
Skate sharpening service,skate_sharpening_service
Skate shop,skate_shop
Skateboard park,skateboard_park
Skateboard shop,skateboard_shop
Skating instructor,skating_instructor
Skeet shooting range,skeet_shooting_range
Ski club,ski_club
Ski rental service,ski_rental_service
Ski repair service,ski_repair_service
Ski resort,ski_resort
Ski school,ski_school
Ski shop,ski_store
Skin care clinic,skin_care_clinic
Skin care products vending machine,skin_care_products_vending_machine
Skittle club,skittle_club
Skoda dealer,skoda_dealer
Skydiving center,skydiving_center
Skylight contractor,skylight_contractor
Slaughterhouse,slaughterhouse
Sleep clinic,sleep_clinic
Small appliance repair service,small_appliance_repair_service
Small claims assistance service,small_claims_assistance_service
Small engine repair service,small_engine_repair_service
Small plates restaurant,small_plates_restaurant
Smart Car dealer,smart_car_dealer
Smart dealer,smart_dealer
Smart shop,smart_shop
Smog inspection station,smog_inspection_station
Snack bar,snack_bar
Snow removal service,snow_removal_service
Snowboard rental service,snowboard_rental_service
Snowboard shop,snowboard_shop
Snowmobile dealer,snowmobile_dealer
Snowmobile rental service,snowmobile_rental_service
Soapland,soapland
Soba noodle shop,soba_noodle_shop
Soccer club,soccer_club
Soccer field,soccer_field
Soccer practice,soccer_practice
Soccer store,soccer_store
Social club,social_club
Social security attorney,social_security_attorney
Social security financial department,social_security_financial_department
Social security office,social_security_office
Social services organization,social_services_organization
Social welfare center,social_welfare_center
Social worker,social_worker
Societe de Flocage,societe_de_flocage
Sod supplier,sod_supplier
Sofa store,sofa_store
Soft drinks shop,soft_drinks_shop
Softball club,softball_club
Softball field,softball_field
Software company,software_company
Software training institute,software_training_institute
Soil testing service,soil_testing_service
Sokol house,sokol_house
Solar energy company,solar_energy_company
Solar energy equipment supplier,solar_energy_equipment_supplier
Solar energy system service,solar_energy_contractor
Solar hot water system supplier,solar_hot_water_system_supplier
Solar photovoltaic power plant,solar_photovoltaic_power_plant
Solid fuel company,solid_fuel_company
Solid waste engineer,solid_waste_engineer
Soondae restaurant,soondae_restaurant
Soto ayam restaurant,soto_ayam_restaurant
Soto restaurant,soto_restaurant
Soul food restaurant,soul_food_restaurant
Soup kitchen,soup_kitchen
Soup restaurant,soup_restaurant
Soup shop,soup_shop
South African restaurant,south_african_restaurant
South American restaurant,south_american_restaurant
South Asian restaurant,south_asia_restaurant
South Indian restaurant,south_indian_restaurant
South Sulawesi restaurant,south_sulawesi_restaurant
Southeast Asian restaurant,south_east_asian_restaurant
Southern Italian restaurant,southern_italian_restaurant
Southern restaurant (US),southern_us_restaurant
Southwest France restaurant,southwest_french_restaurant
Southwestern restaurant (US),southwestern_us_restaurant
Souvenir manufacturer,souvenir_manufacturer
Souvenir store,souvenir_store
Soy sauce maker,soy_sauce_maker
Spa,spa
Spa and health club,spa_and_health_club
Spa garden,spa_garden
Space of remembrance,space_of_remembrance
Spanish restaurant,spanish_restaurant
Special education school,special_education_school
Special educator,special_educator
Specialized clinic,specialized_clinic
Specialized hospital,specialized_hospital
Speech pathologist,speech_pathologist
Sperm bank,sperm_bank
Spice store,spice_store
Spices exporter,spices_exporter
Spices wholesalers,spices_wholesalers
Spiritist center,spiritist_center
Sport tour agency,sport_tour_agency
Sporting goods store,sporting_goods_store
Sports accessories wholesaler,sports_accessories_wholesaler
Sports activity location,Sports_activity_location
Sports bar,sports_bar
Sports card store,sports_card_store
Sports club,sports_club
Sports complex,sports_complex
Sports equipment rental service,sports_equipment_rental_service
Sports massage therapist,sports_massage_therapist
Sports medicine clinic,sports_medicine_clinic
Sports medicine physician,sports_medicine_physician
Sports memorabilia store,sports_memorabilia_store
Sports nutrition store,sports_nutrition_store
Sports school,sports_school
Sportswear store,sportswear_store
Sportwear manufacturer,sportwear_manufacturer
Spring supplier,spring_supplier
Squash club,squash_club
Squash court,squash_court
Sri Lankan restaurant,sri_lankan_restaurant
Stable,stable
Stadium,stadium
Stage,stage
Stage lighting equipment supplier,stage_lighting_equipment_supplier
Stained glass studio,stained_glass_studio
Stainless steel plant,stainless_steel_plant
Stair contractor,stair_contractor
Stall installation service,stall_installation_service
Stamp collectors club,stamp_collectors_club
Stamp shop,stamp_shop
Stand bar,stand_bar
Staple food package,staple_food_package
State Department Agriculture Food Supply,state_department_agriculture_food_supply
State Department Communication,state_department_communication
State Department Finance,state_department_finance
State Department Housing and Urban Development,state_department_housing_and_urban_development
State Department Science Technology,state_department_science_technology
State Department for Social Development,state_department_for_social_development
State Department of Environment,state_department_of_environment
State Department of Tourism,state_department_of_tourism
State Department of Transportation,state_department_of_transportation
State Dept of Culture,state_dept_of_culture
State Dept of Sports,state_dept_of_sports
State archive,state_archive
State department of agricultural development,state_department_agricultural_development
State department of social defense,state_department_social_defense
State employment department,state_employment_department
State government office,state_government_office
State liquor store,state_liquor_store
State office of education,state_office_of_education
State owned farm,state_owned_farm
State park,state_park
State police,state_police
Stationery manufacturer,stationery_manufacturer
Stationery store,stationery_store
Stationery wholesaler,stationery_wholesaler
Statuary,statuary
Steak house,steak_house
Steamboat restaurant,steamboat_restaurant
Steamed bun shop,steamed_bun_shop
Steel construction company,steel_construction_company
Steel distributor,steel_distributor
Steel drum supplier,steel_drum_supplier
Steel erector,steel_erector
Steel fabricator,steel_fabricator
Steel framework contractor,steel_framework_contractor
Steelwork design company,steelwork_design_company
Stereo rental store,stereo_rental_store
Stereo repair service,stereo_repair_service
Sticker manufacturer,sticker_manufacturer
Stitching class,stitching_class
Stock broker,stock_broker
Stock exchange building,stock_exchange_building
Stone carving,stone_carving
Stone cutter,stone_cutter
Stone supplier,stone_supplier
Storage facility,storage_facility
Store,store
Store equipment supplier,store_equipment_supplier
Stove builder,stove_builder
Stringed instrument maker,stringed_intrument_maker
Structural engineer,structural_engineer
Stucco contractor,stucco_contractor
Student career counseling office,student_career_counseling_office
Student dormitory,student_dormitory
Student housing center,student_housing_center
Student union,student_union
Students parents association,students_parents_association
Students support association,students_support_association
Study at home school,study_at_home_school
Studying center,studying_center
Stylist,stylist
Subaru dealer,subaru_dealer
Suburban train line,suburban_train_line
Sugar factory,sugar_factory
Sugar shack,sugar_shack
Sukiyaki and Shabu Shabu restaurant,shabu_shabu_and_sukiyaki_restaurant
Sukiyaki restaurant,sukiyaki_restaurant
Summer camp,summer_camp
Sundae restaurant,sundae_restaurant
Sundanese restaurant,sundanese_restaurant
Sunglasses store,sunglasses_store
Sunroom contractor,sunroom_contractor
Super public bath,super_public_bath
Superannuation consultant,superannuation_consultant
Supermarket,supermarket
Suppon restaurant,soft_shelled_turtle_dish_restaurant
Support group,support_group
Surf lifesaving club,surf_lifesaving_club
Surf school,surf_school
Surf shop,surf_shop
Surgeon,surgeon
Surgical center,surgical_center
Surgical oncologist,surgical_oncologist
Surgical products wholesaler,surgical_products_wholesaler
Surgical supply store,surgical_supply_store
Surinamese restaurant,surinamese_restaurant
Surplus store,surplus_store
Surveyor,surveyor
Sushi restaurant,sushi_restaurant
Sushi takeaway,sushi_takeaway
Suzuki dealer,suzuki_dealer
Suzuki motorcycle dealer,suzuki_motorcycle_dealer
Swabian restaurant,swabian_restaurant
Swedish restaurant,swedish_restaurant
Sweets and dessert buffet,dessert_buffet
Swim club,swim_club
Swimming basin,swimming_basin
Swimming competition,swimming_competition
Swimming facility,swimming_facility
Swimming instructor,swimming_instructor
Swimming lake,swimming_lake
Swimming pool,swimming_pool
Swimming pool contractor,swimming_pool_contractor
Swimming pool repair service,swimming_pool_repair_service
Swimming pool supply store,swimming_pool_supply_store
Swimming school,swimming_school
Swimwear store,swimwear_store
Swiss restaurant,swiss_restaurant
Synagogue,synagogue
Syokudo and Teishoku restaurant,casual_japanese_style_restaurant
Syrian restaurant,syrian_restaurant
T-shirt company,t_shirt_company
T-shirt store,t_shirt_store
TB clinic,tb_clinic
Tabascan restaurant,tabascan_restaurant
Table tennis club,table_tennis_club
Table tennis facility,table_tennis_facility
Table tennis supply store,table_tennis_supply_store
Tacaca restaurant,tacaca_restaurant
Tack shop,tack_shop
Taco restaurant,taco_restaurant
Taekwondo competition area,tae_kwon_do_comp_area
Taekwondo school,taekwondo_school
Tai chi school,tai_chi_school
Tailor,tailor
Taiwanese restaurant,taiwanese_restaurant
Takeout restaurant,meal_takeaway
Takoyaki restaurant,takoyaki_stand
Talent agency,talent_agency
Tamale shop,tamale_shop
Tannery,tannery
Tanning salon,tanning_studio
Taoist temple,taoist_temple
Tapas bar,tapas_bar
Tapas restaurant,tapas_restaurant
Tatami store,tatami_store
Tattoo and piercing shop,tattoo_and_piercing_shop
Tattoo artist,tattoo_artist
Tattoo removal service,tattoo_removal_service
Tattoo shop,tattoo_shop
Tax assessor,tax_assessor
Tax attorney,tax_attorney
Tax collector's office,tax_collectors_office
Tax consultant,tax_consultant
Tax department,tax_department
Tax preparation,tax_preparation
Tax preparation service,tax_preparation_service
Taxi service,taxi_service
Taxi stand,taxi_stand
Taxidermist,taxidermist
Tea exporter,tea_exporter
Tea house,tea_house
Tea manufacturer,tea_manufacturer
Tea market place,tea_market_place
Tea store,tea_store
Tea wholesaler,tea_wholesaler
Teacher college,teacher_college
Technical school,technical_school
Technical university,technical_university
Technology museum,technology_museum
Technology park,technology_park
Teeth whitening service,teeth_whitening_service
Tegal restaurant,tegal_restaurant
Telecommunication school,telecommunication_school
Telecommunications contractor,telecommunications_contractor
Telecommunications engineer,telecommunications_engineer
Telecommunications equipment supplier,telecommunications_equipment_supplier
Telecommunications service provider,telecommunications_service_provider
Telemarketing service,telemarketing_service
Telephone answering service,telephone_answering_service
Telephone company,telephone_company
Telephone exchange,telephone_exchange
Telescope store,telescope_store
Television repair service,television_repair_service
Television station,television_station
Temaki restaurant,temaki_restaurant
Temp agency,temp_agency
Tempura donburi restaurant,tempura_bowl_restaurants
Tempura restaurant,tempura_dish_restaurant
Tenant ownership,tenant_ownership
Tenant's union,tenants_union
Tennis club,tennis_club
Tennis court,tennis_court
Tennis court construction company,tennis_court_construction_company
Tennis instructor,tennis_instructor
Tennis store,tennis_store
Tent rental service,tent_rental_service
Teppanyaki restaurant,teppan_grill_restaurant
Tesla showroom,tesla_showroom
Tex-Mex restaurant,tex_mex_restaurant
Textile engineer,textile_engineer
Textile exporter,textile_exporter
Textile mill,textile_mill
Thai massage therapist,thai_massage_therapist
Thai restaurant,thai_restaurant
Theater company,theater_company
Theater production,theater_production
Theater supply store,theater_supply_store
Theatrical costume supplier,theatrical_costume_supplier
Theme park,theme_park
Thermal baths,thermal_baths
Thermal power plant,thermal_energy_company
Thread supplier,thread_supplier
Threads and yarns wholesaler,threads_and_yarns_wholesaler
Thrift store,thrift_store
Thuringian restaurant,thuringian_restaurant
Tibetan restaurant,tibetan_restaurant
Tiffin center,tiffin_center
Tiki bar,tiki_bar
Tile contractor,tile_contractor
Tile manufacturer,tile_manufacturer
Tile store,tile_store
Timeshare agency,timeshare_agency
Tire repair shop,tire_repair_shop
Tire shop,tire_shop
Title company,title_company
Toast restaurant,toast_restaurant
Tobacco exporter,tobacco_exporter
Tobacco shop,tobacco_shop
Tobacco supplier,tobacco_supplier
Tofu restaurant,tofu_restaurant
Tofu shop,tofu_shop
Toiletries store,toiletries_store
Toll booth,toll_station
Toll road rest stop,toll_road_rest_stop
Toner cartridge supplier,toner_cartridge_supplier
Tongue restaurant,tongue_restaurant
Tonkatsu restaurant,tonkatsu_restaurant
Tool & die shop,tool_and_die_shop
Tool grinding service,tool_grinding_service
Tool manufacturer,tool_manufacturer
Tool rental service,tool_rental_service
Tool repair shop,tool_repair_shop
Tool store,tool_store
Tool wholesaler,tool_wholesaler
Toolroom,toolroom
Topography company,topography_company
Topsoil supplier,topsoil_supplier
Tortilla shop,tortilla_shop
Tour agency,tour_agency
Tour operator,tour_operator
Tourist attraction,tourist_attraction
Tourist information center,tourist_information_center
Towing equipment provider,towing_equipment_provider
Towing service,towing_service
Townhouse complex,townhouse_complex
Toy and game manufacturer,toy_and_game_manufacturer
Toy library,toy_library
Toy manufacturer,toy_manufacturer
Toy museum,toy_museum
Toy store,toy_store
Toyota dealer,toyota_dealer
Tractor dealer,tractor_dealer
Tractor repair shop,tractor_repair_shop
Trade fair construction company,trade_fair_construction_company
Trade school,trade_school
Trading card store,trading_card_store
Traditional American restaurant,traditional_us_american_restaurant
Traditional Kostume store,traditional_kostume_store
Traditional costume club,traditional_costume_club
Traditional market,traditional_market
Traditional restaurant,traditional_restaurant
Traditional teahouse,traditional_teahouse
Traffic officer,traffic_officer
Trailer dealer,trailer_dealer
Trailer manufacturer,trailer_manufacturer
Trailer rental service,trailer_rental_service
Trailer repair shop,trailer_repair_shop
Trailer supply store,trailer_supply_store
Train depot,train_depot
Train repairing center,train_repairing_center
Train ticket agency,train_ticket_agency
Train ticket office,train_ticket_counter
Train yard,train_yard
Training center,training_center
Training school,training_school
Transcription service,transcription_service
Transit depot,transit_depot
Translator,translator
Transmission shop,transmission_shop
Transplant surgeon,transplant_surgeon
Transportation escort service,transportation_escort_service
Transportation service,transportation_service
Travel agency,travel_agency
Travel clinic,travel_clinic
Travel lounge,travel_lounge
Tree farm,tree_farm
Tree service,tree_service
Trial attorney,trial_attorney
Tribal headquarters,tribal_headquarters
Triumph motorcycle dealer,triumph_motorcycle_dealer
Trophy shop,trophy_shop
Tropical fish store,tropical_fish_store
Truck accessories store,truck_accessories_store
Truck dealer,truck_dealer
Truck driving school,trucking_school
Truck farmer,truck_farmer
Truck parts supplier,truck_parts_supplier
Truck rental agency,truck_rental_agency
Truck repair shop,truck_repair_shop
Truck stop,truck_stop
Truck topper supplier,truck_topper_supplier
Trucking company,trucking_company
Truss manufacturer,truss_manufacturer
Trust bank,trust_bank
Tsukigime parking lot,tsukigime_parking_lot
Tune up supplier,tune_up_supplier
Tuning automobile,tuning_automobile
Tunisian restaurant,tunisian_restaurant
Turf supplier,turf_supplier
Turkish restaurant,turkish_restaurant
Turkmen restaurant,turkmen_restaurant
Turnery,turnery
Tuscan restaurant,tuscan_restaurant
Tutoring service,tutoring_service
Tuxedo shop,tuxedo_shop
Typewriter repair service,typewriter_repair_service
Typewriter supplier,typewriter_supplier
Typing service,typing_service
Tyre Dealers,tyre_dealers
Tyre manufacturer,tire_manufacturer
Udon noodle restaurant,udon_noodle_shop
Ukrainian restaurant,ukrainian_restaurant
Unagi restaurant,unagi_restaurant
Underwear store,underwear_store
Unemployment office,unemployment_office
Unfinished furniture store,unfinished_furniture_store
Uniform store,uniform_store
Unitarian Universalist Church,unitarian_universalist_church
United Church of Canada,united_church_of_canada
United Church of Christ,united_church_of_christ
United Methodist church,united_methodist_church
United States Armed Forces Base,united_states_armed_forces_base
Unity church,unity_church
University,university
University hospital,university_hospital
University library,university_library
Upholstery cleaning service,upholstery_cleaning_service
Upholstery shop,upholstery_shop
Urban planning department,urban_planning_department
Urgent care center,urgent_care_center
Urologist,urologist
Urology clinic,urology_clinic
Uruguayan restaurant,uruguayan_restaurant
Used CD store,used_cd_store
Used appliance store,used_appliance_store
Used auto parts store,used_auto_parts_store
Used bicycle shop,used_bicycle_shop
Used book store,used_book_store
Used car dealer,used_car_dealer
Used clothing store,used_clothing_store
Used computer store,used_computer_store
Used furniture store,used_furniture_store
Used game store,used_game_store
Used motorcycle dealer,used_motorcycle_dealer
Used musical instrument store,used_musical_instrument_store
Used office furniture store,used_office_furniture_store
Used store fixture supplier,used_store_fixture_supplier
Used tire shop,used_tire_shop
Used truck dealer,used_truck_dealer
Utility contractor,utility_contractor
Utility trailer dealer,utility_trailer_dealer
Uzbeki restaurant,uzbek_restaurant
VCR repair service,vcr_repair_service
Vacation home rental agency,vacation_home_rental_agency
Vacuum cleaner repair shop,vacuum_cleaner_repair_shop
Vacuum cleaner store,vacuum_cleaner_store
Vacuum cleaning system supplier,vacuum_cleaning_system_supplier
Valencian restaurant,valencian_restaurant
Valet parking service,valet_parking_service
Van rental agency,van_rental_agency
Vaporizer store,vaporizer_store
Variety store,variety_store
Vascular surgeon,vascular_surgeon
Vastu consultant,vastu_consultant
Vegan restaurant,vegan_restaurant
Vegetable wholesale market,vegetable_wholesale_market
Vegetable wholesaler,vegetable_wholesaler
Vegetarian cafe and deli,vegetarian_cafe_and_deli
Vegetarian restaurant,vegetarian_restaurant
Vehicle exporter,vehicle_exporter
Vehicle inspection service,vehicle_inspection
Vehicle shipping agent,vehicle_shipping_agent
Vehicle wrapping service,vehicle_wrapping_service
Velodrome,velodrome
Vending machine supplier,vending_machine_supplier
Venereologist,venereologist
Venetian restaurant,venetian_restaurant
Venezuelan restaurant,venezuelan_restaurant
Ventilating equipment manufacturer,ventilating_equipment_manufacturer
Venture capital company,venture_capital_company
Veterans affairs department,veterans_affairs_department
Veterans center,veterans_center
Veterans hospital,veterans_hospital
Veterans organization,veterans_organization
Veterinarian,veterinarian
Veterinary pharmacy,veterinary_pharmacy
Video arcade,video_arcade
Video camera repair service,video_camera_repair_service
Video conferencing equipment supplier,video_conferencing_equipment_supplier
Video conferencing service,video_conferencing_service
Video duplication service,video_duplication_service
Video editing service,video_editing_service
Video equipment repair service,video_equipment_repair_service
Video game rental kiosk,video_game_rental_kiosk
Video game rental service,video_game_rental_service
Video game rental store,video_game_rental_store
Video game store,video_game_store
Video karaoke,video_karaoke
Video production service,video_production_service
Video store,video_store
Vietnamese restaurant,vietnamese_restaurant
Villa,villa
Village hall,village_hall
Vineyard,vineyard
Vineyard church,vineyard_church
Vintage clothing store,vintage_clothing_store
Vinyl sign shop,vinyl_sign_shop
Violin shop,violin_shop
Virtual office rental,virtual_office_rental
Visa and passport office,visa_and_passport_office
Visa consulting service,visa_consultant
Visitor center,visitor_center
Vitamin & supplements store,vitamin_and_supplements_store
Vocal instructor,vocal_instructor
Vocational college,vocational_college
Vocational gymnasium school,vocational_gymnasium_school
Vocational school,vocational_training_school
Vocational school one,vocational_school_one
Vocational secondary school,vocational_secondary_school
Volkswagen dealer,volkswagen_dealer
Volleyball club,volleyball_club
Volleyball court,volleyball_court
Volleyball instructor,volleyball_instructor
Volunteer organization,volunteer_organization
Volvo dealer,volvo_dealer
Voter registration office,voter_registration_office
Waldorf kindergarten,waldorf_kindergarten
Waldorf school,waldorf_school
Walk-in clinic,walk_in_clinic
Wallpaper installer,wallpaper_installer
Wallpaper store,wallpaper_store
War museum,war_museum
Warehouse,warehouse
Warehouse club,warehouse_club
Warehouse store,warehouse_store
Washer & dryer repair service,washer_and_dryer_repair_service
Washer & dryer store,washer_and_dryer_store
Waste management service,waste_management_service
Watch manufacturer,watch_manufacturer
Watch repair service,watch_repair_service
Watch store,watch_store
Water cooler supplier,water_cooler_supplier
Water damage restoration service,water_damage_restoration_service
Water filter supplier,water_filter_supplier
Water jet cutting service,water_jet_cutting_service
Water mill,water_mill
Water park,water_park
Water polo pool,water_polo_pool
Water pump supplier,water_pump_supplier
Water purification company,water_purification_company
Water ski shop,water_ski_shop
Water skiing club,water_skiing_club
Water skiing instructor,water_skiing_instructor
Water skiing service,water_skiing_service
Water softening equipment supplier,water_softening_equipment_supplier
Water sports equipment rental service,water_sports_equipment_rental_service
Water tank cleaning service,water_tank_cleaning_service
Water testing service,water_testing_service
Water treatment plant,water_treatment_plant
Water treatment supplier,water_treatment_supplier
Water utility company,water_utility_company
Water works,water_works
Water works equipment supplier,water_works_equipment_supplier
Waterbed repair service,waterbed_repair_service
Waterbed store,waterbed_store
Waterproofing service,waterproofing_company
Wax museum,wax_museum
Wax supplier,wax_supplier
Waxing hair removal service,waxing_hair_removal_service
Weather forecast service,weather_forecast_service
Weaving mill,weaving_mill
Web hosting company,web_hosting_service
Website designer,website_designer
Wedding bakery,wedding_bakery
Wedding buffet,wedding_buffet
Wedding chapel,wedding_chapel
Wedding dress rental service,wedding_dress_rental_service
Wedding photographer,wedding_photographer
Wedding planner,wedding_planner
Wedding service,wedding_service
Wedding souvenir shop,wedding_souvenir_shop
Wedding store,wedding_store
Wedding venue,wedding_venue
Weigh station,weigh_station
Weight loss service,weight_loss_service
Weightlifting area,weightlifting_area
Welder,welder
Welding gas supplier,welding_gas_supplier
Welding supply store,welding_supply_store
Well drilling contractor,well_drilling_contractor
Wellness center,wellness_center
Wellness hotel,wellness_hotel
Wellness program,wellness_program
Welsh restaurant,welsh_restaurant
Wesleyan church,wesleyan_church
West African restaurant,west_african_restaurant
Western apparel store,western_apparel_store
Western restaurant,western_restaurant
Whale watching tour agency,whale_watching_tour_agency
Wheel alignment service,wheel_alignment_service
Wheel store,wheel_store
Wheelchair rental service,wheelchair_rental_service
Wheelchair repair service,wheelchair_repair_service
Wheelchair store,wheelchair_store
Wholesale bakery,wholesale_bakery
Wholesale drugstore,wholesale_drugstore
Wholesale florist,wholesale_florist
Wholesale food store,wholesale_food_store
Wholesale grocer,wholesale_grocer
Wholesale jeweler,wholesale_jeweler
Wholesale market,wholesale_market
Wholesale plant nursery,wholesale_plant_nursery
Wholesaler,wholesaler
Wholesaler household appliances,wholesaler_household_appliances
Wi-Fi spot,wi_fi_spot
Wicker store,wicker_store
Wig shop,wig_shop
Wildlife and safari park,wildlife_and_safari_park
Wildlife park,wildlife_park
Wildlife refuge,wildlife_refuge
Wildlife rescue service,wildlife_rescue_service
Willow basket manufacturer,willow_basket_manufacturer
Wind farm,wind_farm
Wind turbine builder,wind_turbine_builder
Window cleaning service,window_cleaning_service
Window installation service,window_installation_service
Window supplier,window_supplier
Window tinting service,window_tinting_service
Window treatment store,window_treatment_store
Windsurfing store,windsurfing_store
Wine bar,wine_bar
Wine cellar,wine_cellar
Wine club,wine_club
Wine storage facility,wine_storage_facility
Wine store,wine_store
Wine wholesaler and importer,wine_wholesaler
Winemaking supply store,winemaking_supply_store
Winery,winery
Wing chun school,wing_chun_school
Wok restaurant,wok_restaurant
Women's clothing store,womens_clothing_store
Women's health clinic,obstetrics_gynecology_clinic
Women's organization,womens_organization
Women's personal trainer,womens_personal_trainer
Women's shelter,womens_shelter
Womens college,womens_college
Womens protection service,womens_protection_service
Wood and laminate flooring supplier,wood_and_laminate_flooring_supplier
Wood floor installation service,wood_floor_installation_service
Wood floor refinishing service,wood_floor_refinishing_service
Wood frame supplier,wood_frame_supplier
Wood stove shop,wood_stove_shop
Wood supplier,wood_supplier
Wood working class,wood_working_class
Woodworker,woodworker
Woodworking supply store,woodworking_supply_store
Wool store,wool_store
Work clothes store,work_clothes_store
Workers' club,workers_club
Working womens hostel,working_womens_hostel
Wrestling school,wrestling_school
X-ray equipment supplier,x_ray_equipment_supplier
X-ray lab,x_ray_lab
Yacht broker,yacht_broker
Yacht club,yacht_club
Yakatabune,yakatabune
Yakiniku restaurant,yakiniku_restaurant
Yakisoba Restaurant,yakisoba_restaurant
Yakitori restaurant,yakitori_restaurant
Yamaha motorcycle dealer,yamaha_motorcycle_dealer
Yarn store,yarn_store
Yemenite restaurant,yemenite_restaurant
Yeshiva,yeshiva
Yoga instructor,yoga_instructor
Yoga retreat center,yoga_retreat_center
Yoga studio,yoga_studio
Youth care,youth_care
Youth center,youth_center
Youth clothing store,youth_clothing_store
Youth club,youth_club
Youth group,youth_groups
Youth hostel,youth_hostel
Youth organization,youth_organization
Youth social services organization,youth_social_services_organization
Yucatan restaurant,yucatan_restaurant
Zhejiang restaurant,zhe_jiang_restaurant
Zoo,zoo
human resources,human_resources